field_name	field_location	data_type	units	field_description	allowable_enumeration
metadata_index	metadata	string		A unique number for this building ID and upgrade ID combination which can be used for loading databases in chunks	""
bldg_id	metadata	integer		ID number for model	""
upgrade	metadata	string		ID of upgrade including 00 for Baseline	""
weight	metadata	float		The number of real buildings that this model represents in the U.S. building stock	""
in.sqft	metadata	float	ft2	Building total floor area	""
calc.weighted.sqft	metadata	float	ft2	The floor area that this model represents in the U.S. building stock. Summing across all models should match CBECS totals by building type.	""
in.upgrade_name	metadata	string		Name of upgrade if an upgrade was run	Package 4, Package 1 + Package 2|Package 1, Wall & Roof Insulation + New Windows|VRF with 25pct Upsizing Allowance|Baseline|LED Lighting|Roof Insulation|New Windows|Variable Speed HP RTU, Original Heating Fuel Backup|HP Boiler, Electric Backup|Packaged Water-to-Air Geothermal Heat Pump|Demand Control Ventilation|Package 2, LED Lighting + Variable Speed HP RTU or HP Boilers|DOAS HP Minisplits|Demand Flexibility, Thermostat Control, Load Shed|Package 5, Variable Speed HP RTU or HP Boilers + Economizer + DCV + Energy Recovery|Advanced RTU Controls|Secondary Windows|Electric Kitchen Equipment|Variable Speed HP RTU, Electric Backup, Energy Recovery|HP Boiler, Gas Backup|Console Water-to-Air Geothermal Heat Pump|Energy Recovery for AHUs|Demand Flexibility, Thermostat Control, Load Shift|Package 3, LED Lighting + Standard Performance HP RTU or HP Boilers|VRF with DOAS|Unoccupied AHU Control|Wall Insulation|Window Film|Variable Speed HP RTU, Electric Backup|Air Side Economizers for AHUs|Hydronic Water-to-Water Geothermal Heat Pump|Standard Performance HP RTU, Electric Backup|Comprehensive Geothermal Heat Pump Package, Hydronic GHP, Packaged GHP, or Console GHP
applicability	metadata	boolean		Specifies if an upgrade measure was applicable to model if an upgrade was run	""
in.building_america_climate_zone	metadata	string		DOE Building America climate zone	Hot-Dry|Mixed-Humid|Marine|Subarctic|Mixed-Dry|Very Cold|Cold|Hot-Humid
in.cambium_grid_region	metadata	string		Specifies Cambium grid region	NEWEc|SPSOc|AKGD|SPNOc|MROEc|RFCWc|HIOA|ERCTc|CAMXc|AZNMc|SRSOc|RFCEc|NYSTc|HIMS|SRTVc|SRMWc|RMPAc|FRCCc|SRMVc|AKMS|MROWc|RFCMc|NWPPc|SRVCc
in.census_division_name	metadata	string		Census division name	West North Central|Pacific|New England|Middle Atlantic|Mountain|South Atlantic|East South Central|East North Central|West South Central
in.census_region_name	metadata	string		Census region name	West|Northeast|South|Midwest
in.cluster_id	metadata	integer		The identified for the geographic cluster ComStock uses to group together areas with similar building stocks	""
in.cluster_name	metadata	string		The name for the geographic cluster ComStock uses to group together areas with similar building stocks	the Rochester and La Crosse Area|the Albuquerque-Santa Fe Area|Carson City, Storey and Washoe County|Small Urban Northern New York Areas|the Tulsa to Wichita Falls I-44 Corridor|Northwestern PA, Ashtabula and Chautauqua Counties|the Greater Central Virginia and Eastern Shore Area|Northern Pacific Coast|Brownsville-Corpus Christi-McAllen-Victoria Areas|the Greater Seattle Area|...too many to list
in.county_name	metadata	string		State abbreviation and county name	ME, Franklin County|CA, Alpine County|NC, Warren County|ND, Ward County|OH, Vinton County|PA, Lancaster County|TX, Harrison County|PA, Washington County|CA, Lassen County|ND, Burleigh County|...too many to list
in.iso_rto_region	metadata	string		Electric system ISO/RTO region	MISO|NEISO|ERCOT|None|SPP|PJM|CAISO|NYISO
in.nhgis_county_gisjoin	metadata	string		County identified, according to format of https://www.nhgis.org/geographic-crosswalks#details	G3100890|G2000790|G1801470|G1200390|G5101110|G4700910|G3700170|G3600710|G3100430|G1701610|...too many to list
in.nhgis_puma_gisjoin	metadata	string		Census PUMA identifier, according to format of https://www.nhgis.org/geographic-crosswalks#details	G04000126|G39001300|G04000115|G24001101|G24000507|G39005100|G09001100|G18001803|G06004701|G36001500|...too many to list
in.nhgis_tract_gisjoin	metadata	string		Census tract identifier, according to format of https://www.nhgis.org/geographic-crosswalks#details	G2201130950400|G5600130000400|G4804390100202|G3600550014104|G4200410012200|G5500090010100|G0600790011701|G4701230925000|G1800650975800|G3600470084000|...too many to list
in.reeds_balancing_area	metadata	string		Balancing area ID for the NREL ReEDS modeling tool	NA
in.state	metadata	string		Postal abbreviation of state	DE|GA|IL|KS|ME|MO|NV|MI|OR|NM|...too many to list
in.state_name	metadata	string		Full name of state	Arizona|Hawaii|District of Columbia|Colorado|Maryland|Kentucky|Minnesota|Indiana|Montana|New Hampshire|...too many to list
in.airtightness	metadata	float	m3_per_m2_s	6-sided air leakage rate at 75 Pa	""
in.ashrae_iecc_climate_zone_2006	metadata	string		ASHRAE Standard 169 - 2006 Climate Zone	4A|3B|1A|6B|3C|4B|2A|6A|7B|2B|3A|5B|7A|5A|4C
in.aspect_ratio	metadata	float		Aspect ratio of building geometry which is the ratio of North/South Facade Length Relative to East/West Facade Length	""
in.building_subtype	metadata	string		Building subtype of model	strip_mall_restaurant40|strip_mall_restaurant10|strip_mall_restaurant20|NA|mediumoffice_datacenter|strip_mall_restaurant30|largeoffice_nodatacenter|strip_mall_restaurant0|largeoffice_datacenter|mediumoffice_nodatacenter
in.cejst_is_disadvantaged	metadata	boolean		Whether the building's census tract is identified as a disadvantaged community in the EPA CEJST tool. See CEJST documentation for more details.	""
in.comstock_building_type	metadata	string		Primary building type of model	SecondarySchool|MediumOffice|SmallHotel|Warehouse|PrimarySchool|LargeHotel|FullServiceRestaurant|SmallOffice|QuickServiceRestaurant|Outpatient|RetailStripmall|Hospital|LargeOffice|RetailStandalone
in.comstock_building_type_group	metadata	string		A building categorization that consolidates multiple ComStock building types into single categories	Lodging|Education|Healthcare|Food Service|Mercantile|Warehouse and Storage|Office
in.economizer_changeover_temperature_fault_applicable	metadata	boolean		Indicates whether the economizer changeover temperature fault is applicable	""
in.economizer_damper_stuck_fault_applicable	metadata	string		Indicates whether the economizer damper stuck fault is applicable	""
in.economizer_damper_stuck_fault_timing	metadata	string		Month when the economizer damper stuck fault happens if applicable	Fault feb|Fault apr|Fault nov|Fault dec|NA|Fault jun|Fault sep|Fault jan|Fault mar|Fault may|No fault|Fault aug|Fault jul|Fault oct
in.ejscreen_census_tract_percentile_for_demographic_index	metadata	float		Percentile for Demographic Index in building's census tract. See EPA EJSCREEN documentation for details.	""
in.ejscreen_census_tract_percentile_for_less_than_hs_educ	metadata	float		Percentile for % less than high school in building's census tract. See EPA EJSCREEN documentation for details.	""
in.ejscreen_census_tract_percentile_for_low_income	metadata	float		Percentile for % low-income in building's census tract. See EPA EJSCREEN documentation for details.	""
in.ejscreen_census_tract_percentile_for_people_in_ling_isol	metadata	float		Percentile for % of individuals in linguistic isolation in building's census tract. See EPA EJSCREEN documentation for details.	""
in.ejscreen_census_tract_percentile_for_people_of_color	metadata	float		Percentile for % people of color in building's census tract. See EPA EJSCREEN documentation for details.	""
in.ejscreen_census_tract_percentile_for_people_over_64	metadata	float		Percentile for % over age 64 in building's census tract. See EPA EJSCREEN documentation for details.	""
in.ejscreen_census_tract_percentile_percent_people_under_5	metadata	float		Percentile for % under age 5 in building's census tract. See EPA EJSCREEN documentation for details.	""
in.energy_code_followed_during_last_ext_lighting_replacement	metadata	string		Specifies the energy code used to determine exterior lighting power and controls	ComStock 90.1-2007|ComStock DEER 2011|ComStock DEER 1996|ComStock DEER 2007|ComStock 90.1-2013|ComStock DEER 1985|ComStock DEER 2015|ComStock DEER 2003|ComStock 90.1-2004|ComStock DOE Ref 1980-2004|ComStock DEER 2017|ComStock DEER 2014|ComStock 90.1-2010
in.energy_code_followed_during_last_hvac_replacement	metadata	string		Specifies the energy code used to determine HVAC system types, efficiencies, and controls	ComStock 90.1-2007|ComStock DEER 2011|ComStock DEER Pre-1975|ComStock DEER 2007|ComStock DEER 1996|ComStock 90.1-2013|ComStock DEER 1985|ComStock DEER 2015|ComStock DEER 2003|ComStock DOE Ref Pre-1980|ComStock DOE Ref 1980-2004|ComStock 90.1-2004|ComStock DEER 2017|ComStock DEER 2014|ComStock 90.1-2010
in.energy_code_followed_during_last_int_equipment_replacement	metadata	string		Specifies the energy code used to determine interior equipment loads	ComStock 90.1-2007|ComStock DEER 1996|ComStock DEER 2011|ComStock DEER 2007|ComStock 90.1-2013|ComStock DEER 2003|ComStock DEER 2015|ComStock DEER 1985|ComStock DOE Ref 1980-2004|ComStock 90.1-2004|ComStock DEER 2017|ComStock 90.1-2010|ComStock DEER 2014
in.energy_code_followed_during_last_roof_replacement	metadata	string		Specifies the energy code used to determine roof insulation values	ComStock 90.1-2007|ComStock DEER Pre-1975|ComStock DEER 1996|ComStock DEER 2011|ComStock DEER 2007|ComStock 90.1-2013|ComStock DEER 2015|ComStock DEER 1985|ComStock DEER 2003|ComStock DOE Ref Pre-1980|ComStock DOE Ref 1980-2004|ComStock 90.1-2004|ComStock 90.1-2010|ComStock DEER 2014|ComStock DEER 2017
in.energy_code_followed_during_last_svc_water_htg_replacement	metadata	string		Specifies the energy code used to determine service water heating efficiencies	ComStock 90.1-2007|ComStock DEER 2011|ComStock DEER 2007|ComStock DEER Pre-1975|ComStock DEER 1996|ComStock 90.1-2013|ComStock DEER 2015|ComStock DEER 2003|ComStock DEER 1985|ComStock 90.1-2004|ComStock DOE Ref 1980-2004|ComStock 90.1-2010|ComStock DEER 2017|ComStock DEER 2014
in.energy_code_followed_during_last_walls_replacement	metadata	string		Specifies the energy code used to determine wall insulation values	ComStock 90.1-2007|ComStock DEER 2007|ComStock DEER 2011|ComStock DEER Pre-1975|ComStock DEER 1996|ComStock 90.1-2013|ComStock DEER 2015|ComStock DEER 2003|ComStock DEER 1985|ComStock DOE Ref Pre-1980|ComStock 90.1-2004|ComStock DOE Ref 1980-2004|ComStock DEER 2017|ComStock DEER 2014|ComStock 90.1-2010
in.energy_code_followed_during_original_building_construction	metadata	string		Specifies the date of contruction of the modeled building which impacts the assumed energy code year of building subsystems	ComStock 90.1-2007|ComStock DEER 1996|ComStock DEER 2007|ComStock DEER 2011|ComStock DEER Pre-1975|ComStock 90.1-2013|ComStock DEER 2003|ComStock DEER 1985|ComStock DEER 2015|ComStock DOE Ref Pre-1980|ComStock DOE Ref 1980-2004|ComStock 90.1-2004|ComStock DEER 2014|ComStock 90.1-2010|ComStock DEER 2017
in.floor_area_category	metadata	string		Specifies the rentable area range of the building	500001_1mil|over_1mil|_1000
in.heating_fuel	metadata	string		Building primary HVAC heating fuel source	NaturalGas|FuelOil|Electricity|Propane|DistrictHeating
in.hvac_category	metadata	string		A basic categorization of HVAC system typologies	Residential Style Central Systems|Multizone CAV/VAV|Zone-by-Zone|Other HVAC|Small Packaged Unit
in.hvac_combined_type	metadata	string		A combination of the HVAC ventilation, heating, and cooling categorizations	Central Single-zone RTU_ASHP_ASHP|Central Multi-zone VAV RTU_District_ACC|Central Multi-zone VAV RTU_Furnace_DX|DOAS+Zone terminal equipment_GSHP_GSHP|Central Multi-zone VAV RTU_Boiler _DX|Zone terminal equipment_Electric Resistance_DX|Central Single-zone RTU_District_DX|Zone terminal equipment_Boiler _DX|None_Electric Resistance_None|Zone terminal equipment_ASHP_ASHP|Central Single-zone RTU_Boiler _Evaporative Cooling|Central Single-zone RTU_Electric Resistance_District|Central Multi-zone VAV RTU_Electric Resistance_WCC|Central Multi-zone VAV RTU_Boiler _WCC|DOAS+Zone terminal equipment_WSHP_WSHP|DOAS+Zone terminal equipment_Boiler _ACC|Central Single-zone RTU_Electric Resistance_DX|DOAS+Zone terminal equipment_Boiler _WCC|Zone terminal equipment_Furnace_DX|Central Multi-zone VAV RTU_Electric Resistance_ACC|Central Multi-zone VAV RTU_District_DX|Residential forced air_Furnace_None|Central Multi-zone VAV RTU_Electric Resistance_District|DOAS+Zone terminal equipment_District_ACC|DOAS+Zone terminal equipment_Electric Resistance_ACC|DOAS+Zone terminal equipment_Electric Resistance_District|Central Multi-zone VAV RTU_Electric Resistance_DX|Central Multi-zone VAV RTU_District_WCC|DOAS+Zone terminal equipment_ASHP_ASHP|Central Single-zone RTU_Boiler _DX|Central Multi-zone VAV RTU_District_District|DOAS+Zone terminal equipment_Electric Resistance_WCC|Central Multi-zone VAV RTU_Boiler _District|DOAS+Zone terminal equipment_District_District|Residential forced air_Furnace_DX|Central Single-zone RTU_Electric Resistance_Evaporative Cooling|DOAS+Zone terminal equipment_District_WCC|Central Single-zone RTU_Furnace_Evaporative Cooling|DOAS+Zone terminal equipment_Boiler _District|Zone terminal equipment_Furnace_None|Central Multi-zone VAV RTU_Boiler _ACC|Central Single-zone RTU_Furnace_DX
in.hvac_cool_type	metadata	string		A basic categorization of the HVAC cooling type	None|ASHP|DX|Evaporative Cooling|WSHP|WCC|ACC|District|GSHP
in.hvac_heat_type	metadata	string		A basic categorization of the HVAC heating type	WSHP|Boiler |District|Furnace|ASHP|Electric Resistance|GSHP
in.hvac_night_variability	metadata	string		Specifies the HVAC nighttime hvac operation used in model, which impacts fan and ventialtion behavior during unnoccupied times	night_fanon_vent|default_nochange|night_fancycle_vent|night_fancycle_novent
in.hvac_system_type	metadata	string		Building primary HVAC system type	DOAS with fan coil district chilled water with boiler|PSZ-AC with gas coil|VAV air-cooled chiller with gas boiler reheat|PSZ-AC with district hot water|VAV air-cooled chiller with district hot water reheat|PSZ-HP|PVAV with gas heat with electric reheat|PTAC with electric coil|PTAC with gas boiler|DOAS with water source heat pumps with ground source heat pump|PVAV with gas boiler reheat|PTHP|Direct evap coolers with baseboard gas boiler|Baseboard electric|PSZ-AC district chilled water with electric coil|VAV chiller with gas boiler reheat|VAV chiller with PFP boxes|VAV air-cooled chiller with PFP boxes|DOAS with water source heat pumps cooling tower with boiler|DOAS with fan coil air-cooled chiller with boiler|PSZ-AC with electric coil|DOAS with fan coil chiller with boiler|PTAC with gas coil|PVAV with district hot water reheat|VAV district chilled water with PFP boxes|DOAS with fan coil district chilled water with baseboard electric|DOAS with fan coil air-cooled chiller with district hot water|Residential forced air furnace|DOAS with fan coil air-cooled chiller with baseboard electric|PVAV with PFP boxes|VAV district chilled water with district hot water reheat|VAV chiller with district hot water reheat|DOAS with VRF|PSZ-AC with gas boiler|DOAS with fan coil chiller with district hot water|DOAS with fan coil chiller with baseboard electric|DOAS with fan coil district chilled water with district hot water|VAV district chilled water with gas boiler reheat|Gas unit heaters|Direct evap coolers with forced air furnace|Direct evap coolers with baseboard electric|Residential AC with residential forced air furnace
in.hvac_vent_type	metadata	string		A basic categorization of the HVAC ventilation type	None|Central Single-zone RTU|Zone terminal equipment|Central Multi-zone VAV RTU|Residential forced air|DOAS+Zone terminal equipment
in.interior_lighting_generation	metadata	string		The technology used for interior lighting in the building	gen5_led|gen2_t8_halogen|gen4_led|gen3_t5_cfl|gen1_t12_incandescent
in.number_of_stories	metadata	float		Building number of stories above grade	""
in.number_stories	metadata	string		Specifies the number of stories of the building	over_25
in.ownership_type	metadata	string		Type of organization or legal entity that owns the building	federal|leased|local|state|owner_occupied
in.party_responsible_for_operation	metadata	string		Who is responsible for the operation of the energy systems in the building	building_owner_or_tenant|building_owner|prop_manager|other
in.purchase_input_responsibility	metadata	string		Who has the most direct input on decisions regarding pruchases of energy-related equipment	building_owner_or_tenant|building_owner|prop_manager|other
in.rotation	metadata	float	degrees	Building Rotation off of North axis (positive value is clockwise)	""
in.service_water_heating_fuel	metadata	string		Building primary service water heating fuel source	FuelOil|NaturalGas|Electricity|Propane|DistrictHeating
in.tstat_clg_delta_f	metadata	float	delta_f	Cooling thermostat unnoccupied setpoint temperature delta from primary occupied cooling setpoint. A value of '999' indicates default values were used for model	""
in.tstat_clg_sp_f	metadata	float	f	Cooling thermostat occupied setpoint. A value of '999' indicates default values were used for model	""
in.tstat_htg_delta_f	metadata	float	delta_f	Heating thermostat unnoccupied setpoint temperature delta from primary occupied heating setpoint. A value of '999' indicates default values were used for model	""
in.tstat_htg_sp_f	metadata	float	f	Heating thermostat occupied setpoint. A value of '999' indicates default values were used for model	""
in.vintage	metadata	string		A roughly decadal binning of building construction corresponding to CBECS 2018 vintage bins	1970 to 1979|1980 to 1989|1946 to 1959|1960 to 1969|2013 to 2018|Before 1946|1990 to 1999|2000 to 2012
in.wall_construction_type	metadata	string		The type of construction used for exterior walls	Mass|Metal Building|SteelFramed|WoodFramed
in.weather_file_2018	metadata	string		Weather file used for the 2018 AMY simulations	USA_TX_Valley.Intl.722505_2018.epw|USA_NV_Derby.Fld.725805_2018.epw|USA_NH_Concord.Municipal.726050_2018.epw|USA_MO_Charles.B.Wheeler.D.724463_2018.epw|USA_TX_Childress.Municipal.723604_2018.epw|USA_MI_Charlevoix.Muni.727434_2018.epw|USA_CA_C.M.Schulz.Sonoma.Co.724957_2018.epw|USA_MI_Port.Hope.725386_2018.epw|USA_WI_Richard.I.Bong.726427_2018.epw|USA_CA_Lancaster.Fox.Field.723816_2018.epw|...too many to list
in.weather_file_tmy3	metadata	string		Weather file used for the TMY3 simulations	Killeen_Muni_Awos|Martinsville|Bakersfield_Meadows_Field|Port_Arthur_Jefferson_County|Bozeman_Gallatin_Field|Redding_Municipal_Arpt|Elizabeth_City_Coast_Guard_Ai|Rockland_Knox_Awos|Univ_Of_Illinois_Wi_Bondville|Waterville_Awos|...too many to list
in.weekday_opening_time	metadata	float	hr	Building weekday start hour which impacts the start time of schedules	""
in.weekday_operating_hours	metadata	float	hr	Building duration of weekday hours of operation which influences duration of schedules	""
in.weekend_opening_time	metadata	float	hr	Building weekend start hour which impacts the start time of schedules	""
in.weekend_operating_hours	metadata	float	hr	Building duration of weekend hours of operation which influences duration of schedules	""
in.window_to_wall_ratio_category	metadata	string		The bin describing the building's window-to-wall ratio	11_25pct|51_75pct|_1pct|76_100pct|2_10pct|26_50pct
in.window_type	metadata	string		Type of windows in the model	Double - No LowE - Clear - Aluminum|Double - No LowE - Tinted/Reflective - Aluminum|Double - LowE - Clear - Thermally Broken Aluminum|Double - LowE - Tinted/Reflective - Aluminum|Triple - LowE - Tinted/Reflective - Thermally Broken Aluminum|Single - No LowE - Tinted/Reflective - Aluminum|Single - No LowE - Clear - Aluminum|Double - LowE - Clear - Aluminum|Double - LowE - Tinted/Reflective - Thermally Broken Aluminum|Single - No LowE - Clear - Wood|Single - No LowE - Tinted/Reflective - Wood|Triple - LowE - Clear - Thermally Broken Aluminum
in.year_built	metadata	string		Year of original building construction	""
out.district_cooling.cooling.energy_consumption	metadata	float	kwh	Building annual district cooling energy consumption for cooling end use	""
out.district_cooling.cooling.energy_savings	metadata	float	kwh	Building annual saving in district cooling energy for the cooling end use	""
out.district_cooling.total.energy_consumption	metadata	float	kwh	Building annual total site district cooling consumption	""
out.district_cooling.total.energy_savings	metadata	float	kwh	Building annual saving in district cooling energy for the total end use	""
out.district_heating.cooling.energy_consumption	metadata	float	kwh	Building annual district heating energy consumption for cooling end use	""
out.district_heating.cooling.energy_savings	metadata	float	kwh	Building annual saving in district heating energy for the cooling end use	""
out.district_heating.heating.energy_consumption	metadata	float	kwh	Building annual district heating energy consumption for heating end use	""
out.district_heating.heating.energy_savings	metadata	float	kwh	Building annual saving in district heating energy for the heating end use	""
out.district_heating.total.energy_consumption	metadata	float	kwh	Building annual total site district heating consumption	""
out.district_heating.total.energy_savings	metadata	float	kwh	Building annual saving in district heating energy for the total end use	""
out.district_heating.water_systems.energy_consumption	metadata	float	kwh	Building annual district service water heating energy consumption for water systems end use	""
out.district_heating.water_systems.energy_savings	metadata	float	kwh	Building annual saving in district heating energy for the water systems end use	""
out.electricity.cooling.energy_consumption	metadata	float	kwh	Building annual cooling electricity energy consumption	""
out.electricity.cooling.energy_savings	metadata	float	kwh	Building annual saving in electricity energy for the cooling end use	""
out.electricity.exterior_lighting.energy_consumption	metadata	float	kwh	Building annual exterior lighting electricity energy consumption	""
out.electricity.exterior_lighting.energy_savings	metadata	float	kwh	Building annual saving in electricity energy for the exterior lighting end use	""
out.electricity.fans.energy_consumption	metadata	float	kwh	Building annual fan electricity energy consumption	""
out.electricity.fans.energy_savings	metadata	float	kwh	Building annual saving in electricity energy for the fans end use	""
out.electricity.heat_recovery.energy_consumption	metadata	float	kwh	Building annual heat recovery electricity energy consumption	""
out.electricity.heat_recovery.energy_savings	metadata	float	kwh	Building annual saving in electricity energy for the heat recovery end use	""
out.electricity.heat_rejection.energy_consumption	metadata	float	kwh	Building annual heat rejection electricity energy consumption	""
out.electricity.heat_rejection.energy_savings	metadata	float	kwh	Building annual saving in electricity energy for the heat rejection end use	""
out.electricity.heating.energy_consumption	metadata	float	kwh	Building annual heating electricity energy consumption	""
out.electricity.heating.energy_savings	metadata	float	kwh	Building annual saving in electricity energy for the heating end use	""
out.electricity.interior_equipment.energy_consumption	metadata	float	kwh	Building annual interior equipment electricity energy consumption	""
out.electricity.interior_equipment.energy_savings	metadata	float	kwh	Building annual saving in electricity energy for the interior equipment end use	""
out.electricity.interior_lighting.energy_consumption	metadata	float	kwh	Building annual interior lighting electricity energy consumption	""
out.electricity.interior_lighting.energy_savings	metadata	float	kwh	Building annual saving in electricity energy for the interior lighting end use	""
out.electricity.pumps.energy_consumption	metadata	float	kwh	Building annual pump electricity energy consumption	""
out.electricity.pumps.energy_savings	metadata	float	kwh	Building annual saving in electricity energy for the pumps end use	""
out.electricity.refrigeration.energy_consumption	metadata	float	kwh	Building annual commercial refrigetation electricity energy consumption	""
out.electricity.refrigeration.energy_savings	metadata	float	kwh	Building annual saving in electricity energy for the refrigeration end use	""
out.electricity.total.apr.energy_consumption	metadata	float	kwh	Total electricity energy consumption during April	""
out.electricity.total.aug.energy_consumption	metadata	float	kwh	Total electricity energy consumption during August	""
out.electricity.total.dec.energy_consumption	metadata	float	kwh	Total electricity energy consumption during December	""
out.electricity.total.energy_consumption	metadata	float	kwh	Building annual total site electricity energy consumption	""
out.electricity.total.energy_savings	metadata	float	kwh	Building annual saving in electricity energy for the total end use	""
out.electricity.total.feb.energy_consumption	metadata	float	kwh	Total electricity energy consumption during Febuary	""
out.electricity.total.jan.energy_consumption	metadata	float	kwh	Total electricity energy consumption during January	""
out.electricity.total.jul.energy_consumption	metadata	float	kwh	Total electricity energy consumption during July	""
out.electricity.total.jun.energy_consumption	metadata	float	kwh	Total electricity energy consumption during June	""
out.electricity.total.mar.energy_consumption	metadata	float	kwh	Total electricity energy consumption during March	""
out.electricity.total.may.energy_consumption	metadata	float	kwh	Total electricity energy consumption during May	""
out.electricity.total.nov.energy_consumption	metadata	float	kwh	Total electricity energy consumption during November	""
out.electricity.total.oct.energy_consumption	metadata	float	kwh	Total electricity energy consumption during October	""
out.electricity.total.sep.energy_consumption	metadata	float	kwh	Total electricity energy consumption during September	""
out.electricity.water_systems.energy_consumption	metadata	float	kwh	Building annual service water heating electricity energy consumption	""
out.electricity.water_systems.energy_savings	metadata	float	kwh	Building annual saving in electricity energy for the water systems end use	""
out.natural_gas.cooling.energy_savings	metadata	float	kwh	Building annual saving in natural gas energy for the cooling end use	""
out.natural_gas.heating.energy_consumption	metadata	float	kwh	Building annual heating natural gas energy consumption	""
out.natural_gas.heating.energy_savings	metadata	float	kwh	Building annual saving in natural gas energy for the heating end use	""
out.natural_gas.interior_equipment.energy_consumption	metadata	float	kwh	Building annual interior equipment natural gas energy consumption	""
out.natural_gas.interior_equipment.energy_savings	metadata	float	kwh	Building annual saving in natural gas energy for the interior equipment end use	""
out.natural_gas.total.energy_consumption	metadata	float	kwh	Building annual total site natural gas energy consumption	""
out.natural_gas.total.energy_savings	metadata	float	kwh	Building annual saving in natural gas energy for the total end use	""
out.natural_gas.water_systems.energy_consumption	metadata	float	kwh	Building annual service water heating natural gas energy consumption	""
out.natural_gas.water_systems.energy_savings	metadata	float	kwh	Building annual saving in natural gas energy for the water systems end use	""
out.other_fuel.cooling.energy_consumption	metadata	float	kwh	Building annual cooling energy consumption for other fuels	""
out.other_fuel.cooling.energy_savings	metadata	float	kwh	Building annual saving in other fuel energy for the cooling end use	""
out.other_fuel.heating.energy_consumption	metadata	float	kwh	Building annual heating energy consumption for other fuels	""
out.other_fuel.heating.energy_savings	metadata	float	kwh	Building annual saving in other fuel energy for the heating end use	""
out.other_fuel.interior_equipment.energy_savings	metadata	float	kwh	Building annual saving in other fuel energy for the interior equipment end use	""
out.other_fuel.total.energy_consumption	metadata	float	kwh	Building annual total site energy consumption for other fuels	""
out.other_fuel.total.energy_savings	metadata	float	kwh	Building annual saving in other fuel energy for the total end use	""
out.other_fuel.water_systems.energy_consumption	metadata	float	kwh	Building annual service water heating energy consumption for other fuels	""
out.other_fuel.water_systems.energy_savings	metadata	float	kwh	Building annual saving in other fuel energy for the water systems end use	""
out.site_energy.total.energy_consumption	metadata	float	kwh	Building annual total site energy consumption	""
out.site_energy.total.energy_savings	metadata	float	kwh	Building annual saving in site energy energy for the total end use	""
out.electricity.total.peak_demand	metadata	float	kw	Building annual peak electric demand	""
out.district_cooling.cooling.energy_consumption_intensity	metadata	float	kwh_per_ft2		""
out.district_cooling.cooling.energy_savings_intensity	metadata	float	kwh_per_ft2	Building annual saving in district cooling energy for the cooling end use on a per area basis	""
out.district_cooling.total.energy_consumption_intensity	metadata	float	kwh_per_ft2		""
out.district_cooling.total.energy_savings_intensity	metadata	float	kwh_per_ft2	Building annual saving in district cooling energy for the total end use on a per area basis	""
out.district_heating.cooling.energy_consumption_intensity	metadata	float	kwh_per_ft2		""
out.district_heating.cooling.energy_savings_intensity	metadata	float	kwh_per_ft2	Building annual saving in district heating energy for the cooling end use on a per area basis	""
out.district_heating.heating.energy_consumption_intensity	metadata	float	kwh_per_ft2		""
out.district_heating.heating.energy_savings_intensity	metadata	float	kwh_per_ft2	Building annual saving in district heating energy for the heating end use on a per area basis	""
out.district_heating.total.energy_consumption_intensity	metadata	float	kwh_per_ft2		""
out.district_heating.total.energy_savings_intensity	metadata	float	kwh_per_ft2	Building annual saving in district heating energy for the total end use on a per area basis	""
out.district_heating.water_systems.energy_consumption_intensity	metadata	float	kwh_per_ft2		""
out.district_heating.water_systems.energy_savings_intensity	metadata	float	kwh_per_ft2	Building annual saving in district heating energy for the water systems end use on a per area basis	""
out.electricity.cooling.energy_consumption_intensity	metadata	float	kwh_per_ft2		""
out.electricity.cooling.energy_savings_intensity	metadata	float	kwh_per_ft2	Building annual saving in electricity energy for the cooling end use on a per area basis	""
out.electricity.exterior_lighting.energy_consumption_intensity	metadata	float	kwh_per_ft2		""
out.electricity.exterior_lighting.energy_savings_intensity	metadata	float	kwh_per_ft2	Building annual saving in electricity energy for the exterior lighting end use on a per area basis	""
out.electricity.fans.energy_consumption_intensity	metadata	float	kwh_per_ft2		""
out.electricity.fans.energy_savings_intensity	metadata	float	kwh_per_ft2	Building annual saving in electricity energy for the fans end use on a per area basis	""
out.electricity.heat_recovery.energy_consumption_intensity	metadata	float	kwh_per_ft2		""
out.electricity.heat_recovery.energy_savings_intensity	metadata	float	kwh_per_ft2	Building annual saving in electricity energy for the heat recovery end use on a per area basis	""
out.electricity.heat_rejection.energy_consumption_intensity	metadata	float	kwh_per_ft2		""
out.electricity.heat_rejection.energy_savings_intensity	metadata	float	kwh_per_ft2	Building annual saving in electricity energy for the heat rejection end use on a per area basis	""
out.electricity.heating.energy_consumption_intensity	metadata	float	kwh_per_ft2		""
out.electricity.heating.energy_savings_intensity	metadata	float	kwh_per_ft2	Building annual saving in electricity energy for the heating end use on a per area basis	""
out.electricity.interior_equipment.energy_consumption_intensity	metadata	float	kwh_per_ft2		""
out.electricity.interior_equipment.energy_savings_intensity	metadata	float	kwh_per_ft2	Building annual saving in electricity energy for the interior equipment end use on a per area basis	""
out.electricity.interior_lighting.energy_consumption_intensity	metadata	float	kwh_per_ft2		""
out.electricity.interior_lighting.energy_savings_intensity	metadata	float	kwh_per_ft2	Building annual saving in electricity energy for the interior lighting end use on a per area basis	""
out.electricity.pumps.energy_consumption_intensity	metadata	float	kwh_per_ft2		""
out.electricity.pumps.energy_savings_intensity	metadata	float	kwh_per_ft2	Building annual saving in electricity energy for the pumps end use on a per area basis	""
out.electricity.refrigeration.energy_consumption_intensity	metadata	float	kwh_per_ft2		""
out.electricity.refrigeration.energy_savings_intensity	metadata	float	kwh_per_ft2	Building annual saving in electricity energy for the refrigeration end use on a per area basis	""
out.electricity.total.energy_consumption_intensity	metadata	float	kwh_per_ft2		""
out.electricity.total.energy_savings_intensity	metadata	float	kwh_per_ft2	Building annual saving in electricity energy for the total end use on a per area basis	""
out.electricity.water_systems.energy_consumption_intensity	metadata	float	kwh_per_ft2		""
out.electricity.water_systems.energy_savings_intensity	metadata	float	kwh_per_ft2	Building annual saving in electricity energy for the water systems end use on a per area basis	""
out.natural_gas.cooling.energy_consumption_intensity	metadata	float	kwh_per_ft2		""
out.natural_gas.cooling.energy_savings_intensity	metadata	float	kwh_per_ft2	Building annual saving in natural gas energy for the cooling end use on a per area basis	""
out.natural_gas.heating.energy_consumption_intensity	metadata	float	kwh_per_ft2		""
out.natural_gas.heating.energy_savings_intensity	metadata	float	kwh_per_ft2	Building annual saving in natural gas energy for the heating end use on a per area basis	""
out.natural_gas.interior_equipment.energy_consumption_intensity	metadata	float	kwh_per_ft2		""
out.natural_gas.interior_equipment.energy_savings_intensity	metadata	float	kwh_per_ft2	Building annual saving in natural gas energy for the interior equipment end use on a per area basis	""
out.natural_gas.total.energy_consumption_intensity	metadata	float	kwh_per_ft2		""
out.natural_gas.total.energy_savings_intensity	metadata	float	kwh_per_ft2	Building annual saving in natural gas energy for the total end use on a per area basis	""
out.natural_gas.water_systems.energy_consumption_intensity	metadata	float	kwh_per_ft2		""
out.natural_gas.water_systems.energy_savings_intensity	metadata	float	kwh_per_ft2	Building annual saving in natural gas energy for the water systems end use on a per area basis	""
out.other_fuel.cooling.energy_consumption_intensity	metadata	float	kwh_per_ft2		""
out.other_fuel.cooling.energy_savings_intensity	metadata	float	kwh_per_ft2	Building annual saving in other fuel energy for the cooling end use on a per area basis	""
out.other_fuel.heating.energy_consumption_intensity	metadata	float	kwh_per_ft2		""
out.other_fuel.heating.energy_savings_intensity	metadata	float	kwh_per_ft2	Building annual saving in other fuel energy for the heating end use on a per area basis	""
out.other_fuel.interior_equipment.energy_consumption_intensity	metadata	float	kwh_per_ft2		""
out.other_fuel.interior_equipment.energy_savings_intensity	metadata	float	kwh_per_ft2	Building annual saving in other fuel energy for the interior equipment end use on a per area basis	""
out.other_fuel.total.energy_consumption_intensity	metadata	float	kwh_per_ft2		""
out.other_fuel.total.energy_savings_intensity	metadata	float	kwh_per_ft2	Building annual saving in other fuel energy for the total end use on a per area basis	""
out.other_fuel.water_systems.energy_consumption_intensity	metadata	float	kwh_per_ft2		""
out.other_fuel.water_systems.energy_savings_intensity	metadata	float	kwh_per_ft2	Building annual saving in other fuel energy for the water systems end use on a per area basis	""
out.site_energy.total.energy_consumption_intensity	metadata	float	kwh_per_ft2		""
out.site_energy.total.energy_savings_intensity	metadata	float	kwh_per_ft2	Building annual saving in site energy energy for the total end use on a per area basis	""
out.qoi.maximum_daily_peak_apr	metadata	float	kw	Maximum hourly daily electric load peak during April	""
out.qoi.maximum_daily_peak_aug	metadata	float	kw	Maximum hourly daily electric load peak during August	""
out.qoi.maximum_daily_peak_dec	metadata	float	kw	Maximum hourly daily electric load peak during December	""
out.qoi.maximum_daily_peak_feb	metadata	float	kw	Maximum hourly daily electric load peak during Febuary	""
out.qoi.maximum_daily_peak_jan	metadata	float	kw	Maximum hourly daily electric load peak during January	""
out.qoi.maximum_daily_peak_jul	metadata	float	kw	Maximum hourly daily electric load peak during July	""
out.qoi.maximum_daily_peak_jun	metadata	float	kw	Maximum hourly daily electric load peak during June	""
out.qoi.maximum_daily_peak_mar	metadata	float	kw	Maximum hourly daily electric load peak during March	""
out.qoi.maximum_daily_peak_may	metadata	float	kw	Maximum hourly daily electric load peak during May	""
out.qoi.maximum_daily_peak_nov	metadata	float	kw	Maximum hourly daily electric load peak during November	""
out.qoi.maximum_daily_peak_oct	metadata	float	kw	Maximum hourly daily electric load peak during October	""
out.qoi.maximum_daily_peak_sep	metadata	float	kw	Maximum hourly daily electric load peak during September	""
out.qoi.maximum_daily_timing_shoulder_hour	metadata	float	hr	Hour of average maximum daily electric load during shoulder season	""
out.qoi.maximum_daily_timing_summer_hour	metadata	float	hr	Hour of average maximum daily electric load during summer	""
out.qoi.maximum_daily_timing_winter_hour	metadata	float	hr	Hour of average maximum daily electric load during winter	""
out.qoi.maximum_daily_use_shoulder	metadata	float	kw	Average hourly maximum daily electric load during shoulder season	""
out.qoi.maximum_daily_use_shoulder_intensity	metadata	float	w_per_ft2	Average hourly maximum daily electric load during shoulder season on an area normalized basis	""
out.qoi.maximum_daily_use_summer	metadata	float	kw	Average hourly maximum daily electric load during summer	""
out.qoi.maximum_daily_use_summer_intensity	metadata	float	w_per_ft2	Average hourly maximum daily electric load during summer on an area normalized basis	""
out.qoi.maximum_daily_use_winter	metadata	float	kw	Average hourly maximum daily electric load during winter	""
out.qoi.maximum_daily_use_winter_intensity	metadata	float	w_per_ft2	Average hourly maximum daily electric load during winter on an area normalized basis	""
out.qoi.median_daily_peak_apr	metadata	float	kw	Median hourly daily electric load peak during April	""
out.qoi.median_daily_peak_aug	metadata	float	kw	Median hourly daily electric load peak during August	""
out.qoi.median_daily_peak_dec	metadata	float	kw	Median hourly daily electric load peak during December	""
out.qoi.median_daily_peak_feb	metadata	float	kw	Median hourly daily electric load peak during Febuary	""
out.qoi.median_daily_peak_jan	metadata	float	kw	Median hourly daily electric load peak during January	""
out.qoi.median_daily_peak_jul	metadata	float	kw	Median hourly daily electric load peak during July	""
out.qoi.median_daily_peak_jun	metadata	float	kw	Median hourly daily electric load peak during June	""
out.qoi.median_daily_peak_mar	metadata	float	kw	Median hourly daily electric load peak during March	""
out.qoi.median_daily_peak_may	metadata	float	kw	Median hourly daily electric load peak during May	""
out.qoi.median_daily_peak_nov	metadata	float	kw	Median hourly daily electric load peak during November	""
out.qoi.median_daily_peak_oct	metadata	float	kw	Median hourly daily electric load peak during October	""
out.qoi.median_daily_peak_sep	metadata	float	kw	Median hourly daily electric load peak during September	""
out.qoi.median_daily_peak_timing_apr	metadata	float	hr	Median hour of daily electric load peak during April	""
out.qoi.median_daily_peak_timing_aug	metadata	float	hr	Median hour of daily electric load peak during August	""
out.qoi.median_daily_peak_timing_dec	metadata	float	hr	Median hour of daily electric load peak during December	""
out.qoi.median_daily_peak_timing_feb	metadata	float	hr	Median hour of daily electric load peak during Febuary	""
out.qoi.median_daily_peak_timing_jan	metadata	float	hr	Median hour of daily electric load peak during January	""
out.qoi.median_daily_peak_timing_jul	metadata	float	hr	Median hour of daily electric load peak during July	""
out.qoi.median_daily_peak_timing_jun	metadata	float	hr	Median hour of daily electric load peak during June	""
out.qoi.median_daily_peak_timing_mar	metadata	float	hr	Median hour of daily electric load peak during March	""
out.qoi.median_daily_peak_timing_may	metadata	float	hr	Median hour of daily electric load peak during May	""
out.qoi.median_daily_peak_timing_nov	metadata	float	hr	Median hour of daily electric load peak during November	""
out.qoi.median_daily_peak_timing_oct	metadata	float	hr	Median hour of daily electric load peak during October	""
out.qoi.median_daily_peak_timing_sep	metadata	float	hr	Median hour of daily electric load peak during September	""
out.qoi.minimum_daily_peak_apr	metadata	float	kw	Minimum hourly daily electric load peak during April	""
out.qoi.minimum_daily_peak_aug	metadata	float	kw	Minimum hourly daily electric load peak during August	""
out.qoi.minimum_daily_peak_dec	metadata	float	kw	Minimum hourly daily electric load peak during December	""
out.qoi.minimum_daily_peak_feb	metadata	float	kw	Minimum hourly daily electric load peak during Febuary	""
out.qoi.minimum_daily_peak_jan	metadata	float	kw	Minimum hourly daily electric load peak during January	""
out.qoi.minimum_daily_peak_jul	metadata	float	kw	Minimum hourly daily electric load peak during July	""
out.qoi.minimum_daily_peak_jun	metadata	float	kw	Minimum hourly daily electric load peak during June	""
out.qoi.minimum_daily_peak_mar	metadata	float	kw	Minimum hourly daily electric load peak during March	""
out.qoi.minimum_daily_peak_may	metadata	float	kw	Minimum hourly daily electric load peak during May	""
out.qoi.minimum_daily_peak_nov	metadata	float	kw	Minimum hourly daily electric load peak during November	""
out.qoi.minimum_daily_peak_oct	metadata	float	kw	Minimum hourly daily electric load peak during October	""
out.qoi.minimum_daily_peak_sep	metadata	float	kw	Minimum hourly daily electric load peak during September	""
out.qoi.minimum_daily_use_shoulder	metadata	float	kw	Average hourly minimum daily electric load during shoulder season	""
out.qoi.minimum_daily_use_shoulder_intensity	metadata	float	w_per_ft2	Average hourly minimum daily electric load during shoulder season on an area normalized basis	""
out.qoi.minimum_daily_use_summer	metadata	float	kw	Average hourly minimum daily electric load during summer	""
out.qoi.minimum_daily_use_summer_intensity	metadata	float	w_per_ft2	Average hourly minimum daily electric load during summer on an area normalized basis	""
out.qoi.minimum_daily_use_winter	metadata	float	kw	Average hourly minimum daily electric load during winter	""
out.qoi.minimum_daily_use_winter_intensity	metadata	float	w_per_ft2	Average hourly minimum daily electric load during winter on an area normalized basis	""
out.qoi.q1_daily_peak_apr	metadata	float	kw	First quartile of hourly daily electric load peak during April	""
out.qoi.q1_daily_peak_aug	metadata	float	kw	First quartile of hourly daily electric load peak during August	""
out.qoi.q1_daily_peak_dec	metadata	float	kw	First quartile of hourly daily electric load peak during December	""
out.qoi.q1_daily_peak_feb	metadata	float	kw	First quartile of hourly daily electric load peak during Febuary	""
out.qoi.q1_daily_peak_jan	metadata	float	kw	First quartile of hourly daily electric load peak during January	""
out.qoi.q1_daily_peak_jul	metadata	float	kw	First quartile of hourly daily electric load peak during July	""
out.qoi.q1_daily_peak_jun	metadata	float	kw	First quartile of hourly daily electric load peak during June	""
out.qoi.q1_daily_peak_mar	metadata	float	kw	First quartile of hourly daily electric load peak during March	""
out.qoi.q1_daily_peak_may	metadata	float	kw	First quartile of hourly daily electric load peak during May	""
out.qoi.q1_daily_peak_nov	metadata	float	kw	First quartile of hourly daily electric load peak during November	""
out.qoi.q1_daily_peak_oct	metadata	float	kw	First quartile of hourly daily electric load peak during October	""
out.qoi.q1_daily_peak_sep	metadata	float	kw	First quartile of hourly daily electric load peak during September	""
out.qoi.q3_daily_peak_apr	metadata	float	kw	Third quartile of hourly daily electric load peak during April	""
out.qoi.q3_daily_peak_aug	metadata	float	kw	Third quartile of hourly daily electric load peak during August	""
out.qoi.q3_daily_peak_dec	metadata	float	kw	Third quartile of hourly daily electric load peak during December	""
out.qoi.q3_daily_peak_feb	metadata	float	kw	Third quartile of hourly daily electric load peak during Febuary	""
out.qoi.q3_daily_peak_jan	metadata	float	kw	Third quartile of hourly daily electric load peak during January	""
out.qoi.q3_daily_peak_jul	metadata	float	kw	Third quartile of hourly daily electric load peak during July	""
out.qoi.q3_daily_peak_jun	metadata	float	kw	Third quartile of hourly daily electric load peak during June	""
out.qoi.q3_daily_peak_mar	metadata	float	kw	Third quartile of hourly daily electric load peak during March	""
out.qoi.q3_daily_peak_may	metadata	float	kw	Third quartile of hourly daily electric load peak during May	""
out.qoi.q3_daily_peak_nov	metadata	float	kw	Third quartile of hourly daily electric load peak during November	""
out.qoi.q3_daily_peak_oct	metadata	float	kw	Third quartile of hourly daily electric load peak during October	""
out.qoi.q3_daily_peak_sep	metadata	float	kw	Third quartile of hourly daily electric load peak during September	""
out.emissions.electricity.aer_95_decarb_by_2035_from_2023	metadata	float	co2e_kg	annual greenhouse gas emissions from electricity use, using Cambium 2022 aer_95_decarb_by_2035 non-levelized values from 2023	""
out.emissions.electricity.aer_95_decarb_by_2050_from_2023	metadata	float	co2e_kg	annual greenhouse gas emissions from electricity use, using Cambium 2022 aer_95_decarb_by_2050 non-levelized values from 2023	""
out.emissions.electricity.aer_high_re_cost_from_2023	metadata	float	co2e_kg	annual greenhouse gas emissions from electricity use, using Cambium 2022 aer_high_re_cost non-levelized values from 2023	""
out.emissions.electricity.aer_low_re_cost_from_2023	metadata	float	co2e_kg	annual greenhouse gas emissions from electricity use, using Cambium 2022 aer_low_re_cost non-levelized values from 2023	""
out.emissions.electricity.aer_mid_case_from_2023	metadata	float	co2e_kg	annual greenhouse gas emissions from electricity use, using Cambium 2022 aer_mid_case non-levelized values from 2023	""
out.emissions.electricity.cooling.aer_95_decarb_by_2035_from_2023	metadata	float	co2e_kg	annual greenhouse gas emissions from electricity for the cooling end use, using Cambium 2022 aer_95_decarb_by_2035non-levelized values from 2023non-levelized values from 2023	""
out.emissions.electricity.cooling.aer_95_decarb_by_2050_from_2023	metadata	float	co2e_kg	annual greenhouse gas emissions from electricity for the cooling end use, using Cambium 2022 aer_95_decarb_by_2050 non-levelized values from 2023	""
out.emissions.electricity.cooling.aer_high_re_cost_from_2023	metadata	float	co2e_kg	annual greenhouse gas emissions from electricity for the cooling end use, using Cambium 2022 aer_high_re_cost non-levelized values from 2023	""
out.emissions.electricity.cooling.aer_low_re_cost_from_2023	metadata	float	co2e_kg	annual greenhouse gas emissions from electricity for the cooling end use, using Cambium 2022 aer_low_re_cost non-levelized values from 2023	""
out.emissions.electricity.cooling.aer_mid_case_from_2023	metadata	float	co2e_kg	annual greenhouse gas emissions from electricity for the cooling end use, using Cambium 2022 aer_mid_case non-levelized values from 2023	""
out.emissions.electricity.cooling.egrid_2018_state	metadata	float	co2e_kg	annual greenhouse gas emissions from electricity for the cooling end use, using egrid 2018 state emissions intensity	""
out.emissions.electricity.cooling.egrid_2018_subregion	metadata	float	co2e_kg	annual greenhouse gas emissions from electricity for the cooling end use, using egrid 2018 subregion emissions intensity	""
out.emissions.electricity.cooling.egrid_2019_state	metadata	float	co2e_kg	annual greenhouse gas emissions from electricity for the cooling end use, using egrid 2019 state emissions intensity	""
out.emissions.electricity.cooling.egrid_2019_subregion	metadata	float	co2e_kg	annual greenhouse gas emissions from electricity for the cooling end use, using egrid 2019 subregion emissions intensity	""
out.emissions.electricity.cooling.egrid_2020_state	metadata	float	co2e_kg	annual greenhouse gas emissions from electricity for the cooling end use, using egrid 2020 state emissions intensity	""
out.emissions.electricity.cooling.egrid_2020_subregion	metadata	float	co2e_kg	annual greenhouse gas emissions from electricity for the cooling end use, using egrid 2020 subregion emissions intensity	""
out.emissions.electricity.cooling.egrid_2021_state	metadata	float	co2e_kg	annual greenhouse gas emissions from electricity for the cooling end use, using egrid 2021 state emissions intensity	""
out.emissions.electricity.cooling.egrid_2021_subregion	metadata	float	co2e_kg	annual greenhouse gas emissions from electricity for the cooling end use, using egrid 2021 subregion emissions intensity	""
out.emissions.electricity.cooling.lrmer_95_decarb_by_2035_15_2023_start	metadata	float	co2e_kg	annual greenhouse gas emissions from electricity for the cooling end use, using Cambium 2022 lrmer_95_decarb_by_2035 levelized over 15 years starting in 2023	""
out.emissions.electricity.cooling.lrmer_95_decarb_by_2035_15_2025_start	metadata	float	co2e_kg	annual greenhouse gas emissions from electricity for the cooling end use, using Cambium 2022 lrmer_95_decarb_by_2035 levelized over 15 years starting in 2025	""
out.emissions.electricity.cooling.lrmer_95_decarb_by_2035_25_2025_start	metadata	float	co2e_kg	annual greenhouse gas emissions from electricity for the cooling end use, using Cambium 2022 lrmer_95_decarb_by_2035 levelized over 25 years starting in 2025	""
out.emissions.electricity.cooling.lrmer_95_decarb_by_2035_30_2023_start	metadata	float	co2e_kg	annual greenhouse gas emissions from electricity for the cooling end use, using Cambium 2022 lrmer_95_decarb_by_2035 levelized over 30 years starting in 2023	""
out.emissions.electricity.cooling.lrmer_95_decarb_by_2050_15_2023_start	metadata	float	co2e_kg	annual greenhouse gas emissions from electricity for the cooling end use, using Cambium 2022 lrmer_95_decarb_by_2050 levelized over 15 years starting in 2023	""
out.emissions.electricity.cooling.lrmer_95_decarb_by_2050_30_2023_start	metadata	float	co2e_kg	annual greenhouse gas emissions from electricity for the cooling end use, using Cambium 2022 lrmer_95_decarb_by_2050 levelized over 30 years starting in 2023	""
out.emissions.electricity.cooling.lrmer_high_re_cost_15_2023_start	metadata	float	co2e_kg	annual greenhouse gas emissions from electricity for the cooling end use, using Cambium 2022 lrmer_high_re_cost levelized over 15 years starting in 2023	""
out.emissions.electricity.cooling.lrmer_high_re_cost_30_2023_start	metadata	float	co2e_kg	annual greenhouse gas emissions from electricity for the cooling end use, using Cambium 2022 lrmer_high_re_cost levelized over 30 years starting in 2023	""
out.emissions.electricity.cooling.lrmer_low_re_cost_15_2023_start	metadata	float	co2e_kg	annual greenhouse gas emissions from electricity for the cooling end use, using Cambium 2022 lrmer_low_re_cost levelized over 15 years starting in 2023	""
out.emissions.electricity.cooling.lrmer_low_re_cost_15_2025_start	metadata	float	co2e_kg	annual greenhouse gas emissions from electricity for the cooling end use, using Cambium 2022 lrmer_low_re_cost levelized over 15 years starting in 2025	""
out.emissions.electricity.cooling.lrmer_low_re_cost_25_2025_start	metadata	float	co2e_kg	annual greenhouse gas emissions from electricity for the cooling end use, using Cambium 2022 lrmer_low_re_cost levelized over 25 years starting in 2025	""
out.emissions.electricity.cooling.lrmer_low_re_cost_30_2023_start	metadata	float	co2e_kg	annual greenhouse gas emissions from electricity for the cooling end use, using Cambium 2022 lrmer_low_re_cost levelized over 30 years starting in 2023	""
out.emissions.electricity.cooling.lrmer_mid_case_15_2023_start	metadata	float	co2e_kg	annual greenhouse gas emissions from electricity for the cooling end use, using Cambium 2022 lrmer_mid_case levelized over 15 years starting in 2023	""
out.emissions.electricity.cooling.lrmer_mid_case_15_2025_start	metadata	float	co2e_kg	annual greenhouse gas emissions from electricity for the cooling end use, using Cambium 2022 lrmer_mid_case levelized over 15 years starting in 2025	""
out.emissions.electricity.cooling.lrmer_mid_case_25_2025_start	metadata	float	co2e_kg	annual greenhouse gas emissions from electricity for the cooling end use, using Cambium 2022 lrmer_mid_case levelized over 25 years starting in 2025	""
out.emissions.electricity.cooling.lrmer_mid_case_30_2023_start	metadata	float	co2e_kg	annual greenhouse gas emissions from electricity for the cooling end use, using Cambium 2022 lrmer_mid_case levelized over 30 years starting in 2023	""
out.emissions.electricity.egrid_2018_state	metadata	float	co2e_kg	annual greenhouse gas emissions from electricity use, using egrid 2018 state emissions intensity	""
out.emissions.electricity.egrid_2018_subregion	metadata	float	co2e_kg	annual greenhouse gas emissions from electricity use, using egrid 2018 subregion emissions intensity	""
out.emissions.electricity.egrid_2019_state	metadata	float	co2e_kg	annual greenhouse gas emissions from electricity use, using egrid 2019 state emissions intensity	""
out.emissions.electricity.egrid_2019_subregion	metadata	float	co2e_kg	annual greenhouse gas emissions from electricity use, using egrid 2019 subregion emissions intensity	""
out.emissions.electricity.egrid_2020_state	metadata	float	co2e_kg	annual greenhouse gas emissions from electricity use, using egrid 2020 state emissions intensity	""
out.emissions.electricity.egrid_2020_subregion	metadata	float	co2e_kg	annual greenhouse gas emissions from electricity use, using egrid 2020 subregion emissions intensity	""
out.emissions.electricity.egrid_2021_state	metadata	float	co2e_kg	annual greenhouse gas emissions from electricity use, using egrid 2021 state emissions intensity	""
out.emissions.electricity.egrid_2021_subregion	metadata	float	co2e_kg	annual greenhouse gas emissions from electricity use, using egrid 2021 subregion emissions intensity	""
out.emissions.electricity.enduse_group.hvac.aer_95_decarb_by_2035_from_2023	metadata	float	co2e_kg	annual greenhouse gas emissions from electricity for the hvac enduse group, using Cambium 2022 aer_95_decarb_by_2035 non-levelized values from 2023	""
out.emissions.electricity.enduse_group.hvac.aer_95_decarb_by_2050_from_2023	metadata	float	co2e_kg	annual greenhouse gas emissions from electricity for the hvac enduse group, using Cambium 2022 aer_95_decarb_by_2050 non-levelized values from 2023	""
out.emissions.electricity.enduse_group.hvac.aer_high_re_cost_from_2023	metadata	float	co2e_kg	annual greenhouse gas emissions from electricity for the hvac enduse group, using Cambium 2022 aer_high_re_cost non-levelized values from 2023	""
out.emissions.electricity.enduse_group.hvac.aer_low_re_cost_from_2023	metadata	float	co2e_kg	annual greenhouse gas emissions from electricity for the hvac enduse group, using Cambium 2022 aer_low_re_cost non-levelized values from 2023	""
out.emissions.electricity.enduse_group.hvac.aer_mid_case_from_2023	metadata	float	co2e_kg	annual greenhouse gas emissions from electricity for the hvac enduse group, using Cambium 2022 aer_mid_case non-levelized values from 2023	""
out.emissions.electricity.enduse_group.hvac.egrid_2018_state	metadata	float	co2e_kg	annual greenhouse gas emissions from electricity for the hvac enduse group, using egrid 2018 state emissions intensity	""
out.emissions.electricity.enduse_group.hvac.egrid_2018_subregion	metadata	float	co2e_kg	annual greenhouse gas emissions from electricity for the hvac enduse group, using egrid 2018 subregion emissions intensity	""
out.emissions.electricity.enduse_group.hvac.egrid_2019_state	metadata	float	co2e_kg	annual greenhouse gas emissions from electricity for the hvac enduse group, using egrid 2019 state emissions intensity	""
out.emissions.electricity.enduse_group.hvac.egrid_2019_subregion	metadata	float	co2e_kg	annual greenhouse gas emissions from electricity for the hvac enduse group, using egrid 2019 subregion emissions intensity	""
out.emissions.electricity.enduse_group.hvac.egrid_2020_state	metadata	float	co2e_kg	annual greenhouse gas emissions from electricity for the hvac enduse group, using egrid 2020 state emissions intensity	""
out.emissions.electricity.enduse_group.hvac.egrid_2020_subregion	metadata	float	co2e_kg	annual greenhouse gas emissions from electricity for the hvac enduse group, using egrid 2020 subregion emissions intensity	""
out.emissions.electricity.enduse_group.hvac.egrid_2021_state	metadata	float	co2e_kg	annual greenhouse gas emissions from electricity for the hvac enduse group, using egrid 2021 state emissions intensity	""
out.emissions.electricity.enduse_group.hvac.egrid_2021_subregion	metadata	float	co2e_kg	annual greenhouse gas emissions from electricity for the hvac enduse group, using egrid 2021 subregion emissions intensity	""
out.emissions.electricity.enduse_group.hvac.lrmer_95_decarb_by_2035_15_2023_start	metadata	float	co2e_kg	annual greenhouse gas emissions from electricity for the hvac enduse group, using Cambium 2022 lrmer_95_decarb_by_2035 levelized over 15 years starting in 2023	""
out.emissions.electricity.enduse_group.hvac.lrmer_95_decarb_by_2035_15_2025_start	metadata	float	co2e_kg	annual greenhouse gas emissions from electricity for the hvac enduse group, using Cambium 2022 lrmer_95_decarb_by_2035 levelized over 15 years starting in 2025	""
out.emissions.electricity.enduse_group.hvac.lrmer_95_decarb_by_2035_25_2025_start	metadata	float	co2e_kg	annual greenhouse gas emissions from electricity for the hvac enduse group, using Cambium 2022 lrmer_95_decarb_by_2035 levelized over 25 years starting in 2025	""
out.emissions.electricity.enduse_group.hvac.lrmer_95_decarb_by_2035_30_2023_start	metadata	float	co2e_kg	annual greenhouse gas emissions from electricity for the hvac enduse group, using Cambium 2022 lrmer_95_decarb_by_2035 levelized over 30 years starting in 2023	""
out.emissions.electricity.enduse_group.hvac.lrmer_95_decarb_by_2050_15_2023_start	metadata	float	co2e_kg	annual greenhouse gas emissions from electricity for the hvac enduse group, using Cambium 2022 lrmer_95_decarb_by_2050 levelized over 15 years starting in 2023	""
out.emissions.electricity.enduse_group.hvac.lrmer_95_decarb_by_2050_30_2023_start	metadata	float	co2e_kg	annual greenhouse gas emissions from electricity for the hvac enduse group, using Cambium 2022 lrmer_95_decarb_by_2050 levelized over 30 years starting in 2023	""
out.emissions.electricity.enduse_group.hvac.lrmer_high_re_cost_15_2023_start	metadata	float	co2e_kg	annual greenhouse gas emissions from electricity for the hvac enduse group, using Cambium 2022 lrmer_high_re_cost levelized over 15 years starting in 2023	""
out.emissions.electricity.enduse_group.hvac.lrmer_high_re_cost_30_2023_start	metadata	float	co2e_kg	annual greenhouse gas emissions from electricity for the hvac enduse group, using Cambium 2022 lrmer_high_re_cost levelized over 30 years starting in 2023	""
out.emissions.electricity.enduse_group.hvac.lrmer_low_re_cost_15_2023_start	metadata	float	co2e_kg	annual greenhouse gas emissions from electricity for the hvac enduse group, using Cambium 2022 lrmer_low_re_cost levelized over 15 years starting in 2023	""
out.emissions.electricity.enduse_group.hvac.lrmer_low_re_cost_15_2025_start	metadata	float	co2e_kg	annual greenhouse gas emissions from electricity for the hvac enduse group, using Cambium 2022 lrmer_low_re_cost levelized over 15 years starting in 2025	""
out.emissions.electricity.enduse_group.hvac.lrmer_low_re_cost_25_2025_start	metadata	float	co2e_kg	annual greenhouse gas emissions from electricity for the hvac enduse group, using Cambium 2022 lrmer_low_re_cost levelized over 25 years starting in 2025	""
out.emissions.electricity.enduse_group.hvac.lrmer_low_re_cost_30_2023_start	metadata	float	co2e_kg	annual greenhouse gas emissions from electricity for the hvac enduse group, using Cambium 2022 lrmer_low_re_cost levelized over 30 years starting in 2023	""
out.emissions.electricity.enduse_group.hvac.lrmer_mid_case_15_2023_start	metadata	float	co2e_kg	annual greenhouse gas emissions from electricity for the hvac enduse group, using Cambium 2022 lrmer_mid_case levelized over 15 years starting in 2023	""
out.emissions.electricity.enduse_group.hvac.lrmer_mid_case_15_2025_start	metadata	float	co2e_kg	annual greenhouse gas emissions from electricity for the hvac enduse group, using Cambium 2022 lrmer_mid_case levelized over 15 years starting in 2025	""
out.emissions.electricity.enduse_group.hvac.lrmer_mid_case_25_2025_start	metadata	float	co2e_kg	annual greenhouse gas emissions from electricity for the hvac enduse group, using Cambium 2022 lrmer_mid_case levelized over 25 years starting in 2025	""
out.emissions.electricity.enduse_group.hvac.lrmer_mid_case_30_2023_start	metadata	float	co2e_kg	annual greenhouse gas emissions from electricity for the hvac enduse group, using Cambium 2022 lrmer_mid_case levelized over 30 years starting in 2023	""
out.emissions.electricity.exterior_lighting.aer_95_decarb_by_2035_from_2023	metadata	float	co2e_kg	annual greenhouse gas emissions from electricity for the exterior_lighting end use, using Cambium 2022 aer_95_decarb_by_2035 non-levelized values from 2023	""
out.emissions.electricity.exterior_lighting.aer_95_decarb_by_2050_from_2023	metadata	float	co2e_kg	annual greenhouse gas emissions from electricity for the exterior_lighting end use, using Cambium 2022 aer_95_decarb_by_2050 non-levelized values from 2023	""
out.emissions.electricity.exterior_lighting.aer_high_re_cost_from_2023	metadata	float	co2e_kg	annual greenhouse gas emissions from electricity for the exterior_lighting end use, using Cambium 2022 aer_high_re_cost non-levelized values from 2023	""
out.emissions.electricity.exterior_lighting.aer_low_re_cost_from_2023	metadata	float	co2e_kg	annual greenhouse gas emissions from electricity for the exterior_lighting end use, using Cambium 2022 aer_low_re_cost non-levelized values from 2023	""
out.emissions.electricity.exterior_lighting.aer_mid_case_from_2023	metadata	float	co2e_kg	annual greenhouse gas emissions from electricity for the exterior_lighting end use, using Cambium 2022 aer_mid_case non-levelized values from 2023	""
out.emissions.electricity.exterior_lighting.egrid_2018_state	metadata	float	co2e_kg	annual greenhouse gas emissions from electricity for the exterior_lighting end use, using egrid 2018 state emissions intensity	""
out.emissions.electricity.exterior_lighting.egrid_2018_subregion	metadata	float	co2e_kg	annual greenhouse gas emissions from electricity for the exterior_lighting end use, using egrid 2018 subregion emissions intensity	""
out.emissions.electricity.exterior_lighting.egrid_2019_state	metadata	float	co2e_kg	annual greenhouse gas emissions from electricity for the exterior_lighting end use, using egrid 2019 state emissions intensity	""
out.emissions.electricity.exterior_lighting.egrid_2019_subregion	metadata	float	co2e_kg	annual greenhouse gas emissions from electricity for the exterior_lighting end use, using egrid 2019 subregion emissions intensity	""
out.emissions.electricity.exterior_lighting.egrid_2020_state	metadata	float	co2e_kg	annual greenhouse gas emissions from electricity for the exterior_lighting end use, using egrid 2020 state emissions intensity	""
out.emissions.electricity.exterior_lighting.egrid_2020_subregion	metadata	float	co2e_kg	annual greenhouse gas emissions from electricity for the exterior_lighting end use, using egrid 2020 subregion emissions intensity	""
out.emissions.electricity.exterior_lighting.egrid_2021_state	metadata	float	co2e_kg	annual greenhouse gas emissions from electricity for the exterior_lighting end use, using egrid 2021 state emissions intensity	""
out.emissions.electricity.exterior_lighting.egrid_2021_subregion	metadata	float	co2e_kg	annual greenhouse gas emissions from electricity for the exterior_lighting end use, using egrid 2021 subregion emissions intensity	""
out.emissions.electricity.exterior_lighting.lrmer_95_decarb_by_2035_15_2023_start	metadata	float	co2e_kg	annual greenhouse gas emissions from electricity for the exterior_lighting end use, using Cambium 2022 lrmer_95_decarb_by_2035 levelized over 15 years starting in 2023	""
out.emissions.electricity.exterior_lighting.lrmer_95_decarb_by_2035_15_2025_start	metadata	float	co2e_kg	annual greenhouse gas emissions from electricity for the exterior_lighting end use, using Cambium 2022 lrmer_95_decarb_by_2035 levelized over 15 years starting in 2025	""
out.emissions.electricity.exterior_lighting.lrmer_95_decarb_by_2035_25_2025_start	metadata	float	co2e_kg	annual greenhouse gas emissions from electricity for the exterior_lighting end use, using Cambium 2022 lrmer_95_decarb_by_2035 levelized over 25 years starting in 2025	""
out.emissions.electricity.exterior_lighting.lrmer_95_decarb_by_2035_30_2023_start	metadata	float	co2e_kg	annual greenhouse gas emissions from electricity for the exterior_lighting end use, using Cambium 2022 lrmer_95_decarb_by_2035 levelized over 30 years starting in 2023	""
out.emissions.electricity.exterior_lighting.lrmer_95_decarb_by_2050_15_2023_start	metadata	float	co2e_kg	annual greenhouse gas emissions from electricity for the exterior_lighting end use, using Cambium 2022 lrmer_95_decarb_by_2050 levelized over 15 years starting in 2023	""
out.emissions.electricity.exterior_lighting.lrmer_95_decarb_by_2050_30_2023_start	metadata	float	co2e_kg	annual greenhouse gas emissions from electricity for the exterior_lighting end use, using Cambium 2022 lrmer_95_decarb_by_2050 levelized over 30 years starting in 2023	""
out.emissions.electricity.exterior_lighting.lrmer_high_re_cost_15_2023_start	metadata	float	co2e_kg	annual greenhouse gas emissions from electricity for the exterior_lighting end use, using Cambium 2022 lrmer_high_re_cost levelized over 15 years starting in 2023	""
out.emissions.electricity.exterior_lighting.lrmer_high_re_cost_30_2023_start	metadata	float	co2e_kg	annual greenhouse gas emissions from electricity for the exterior_lighting end use, using Cambium 2022 lrmer_high_re_cost levelized over 30 years starting in 2023	""
out.emissions.electricity.exterior_lighting.lrmer_low_re_cost_15_2023_start	metadata	float	co2e_kg	annual greenhouse gas emissions from electricity for the exterior_lighting end use, using Cambium 2022 lrmer_low_re_cost levelized over 15 years starting in 2023	""
out.emissions.electricity.exterior_lighting.lrmer_low_re_cost_15_2025_start	metadata	float	co2e_kg	annual greenhouse gas emissions from electricity for the exterior_lighting end use, using Cambium 2022 lrmer_low_re_cost levelized over 15 years starting in 2025	""
out.emissions.electricity.exterior_lighting.lrmer_low_re_cost_25_2025_start	metadata	float	co2e_kg	annual greenhouse gas emissions from electricity for the exterior_lighting end use, using Cambium 2022 lrmer_low_re_cost levelized over 25 years starting in 2025	""
out.emissions.electricity.exterior_lighting.lrmer_low_re_cost_30_2023_start	metadata	float	co2e_kg	annual greenhouse gas emissions from electricity for the exterior_lighting end use, using Cambium 2022 lrmer_low_re_cost levelized over 30 years starting in 2023	""
out.emissions.electricity.exterior_lighting.lrmer_mid_case_15_2023_start	metadata	float	co2e_kg	annual greenhouse gas emissions from electricity for the exterior_lighting end use, using Cambium 2022 lrmer_mid_case levelized over 15 years starting in 2023	""
out.emissions.electricity.exterior_lighting.lrmer_mid_case_15_2025_start	metadata	float	co2e_kg	annual greenhouse gas emissions from electricity for the exterior_lighting end use, using Cambium 2022 lrmer_mid_case levelized over 15 years starting in 2025	""
out.emissions.electricity.exterior_lighting.lrmer_mid_case_25_2025_start	metadata	float	co2e_kg	annual greenhouse gas emissions from electricity for the exterior_lighting end use, using Cambium 2022 lrmer_mid_case levelized over 25 years starting in 2025	""
out.emissions.electricity.exterior_lighting.lrmer_mid_case_30_2023_start	metadata	float	co2e_kg	annual greenhouse gas emissions from electricity for the exterior_lighting end use, using Cambium 2022 lrmer_mid_case levelized over 30 years starting in 2023	""
out.emissions.electricity.heating.aer_95_decarb_by_2035_from_2023	metadata	float	co2e_kg	annual greenhouse gas emissions from electricity for the heating end use, using Cambium 2022 aer_95_decarb_by_2035 non-levelized values from 2023	""
out.emissions.electricity.heating.aer_95_decarb_by_2050_from_2023	metadata	float	co2e_kg	annual greenhouse gas emissions from electricity for the heating end use, using Cambium 2022 aer_95_decarb_by_2050 non-levelized values from 2023	""
out.emissions.electricity.heating.aer_high_re_cost_from_2023	metadata	float	co2e_kg	annual greenhouse gas emissions from electricity for the heating end use, using Cambium 2022 aer_high_re_cost non-levelized values from 2023	""
out.emissions.electricity.heating.aer_low_re_cost_from_2023	metadata	float	co2e_kg	annual greenhouse gas emissions from electricity for the heating end use, using Cambium 2022 aer_low_re_cost non-levelized values from 2023	""
out.emissions.electricity.heating.aer_mid_case_from_2023	metadata	float	co2e_kg	annual greenhouse gas emissions from electricity for the heating end use, using Cambium 2022 aer_mid_case non-levelized values from 2023	""
out.emissions.electricity.heating.egrid_2018_state	metadata	float	co2e_kg	annual greenhouse gas emissions from electricity for the heating end use, using egrid 2018 state emissions intensity	""
out.emissions.electricity.heating.egrid_2018_subregion	metadata	float	co2e_kg	annual greenhouse gas emissions from electricity for the heating end use, using egrid 2018 subregion emissions intensity	""
out.emissions.electricity.heating.egrid_2019_state	metadata	float	co2e_kg	annual greenhouse gas emissions from electricity for the heating end use, using egrid 2019 state emissions intensity	""
out.emissions.electricity.heating.egrid_2019_subregion	metadata	float	co2e_kg	annual greenhouse gas emissions from electricity for the heating end use, using egrid 2019 subregion emissions intensity	""
out.emissions.electricity.heating.egrid_2020_state	metadata	float	co2e_kg	annual greenhouse gas emissions from electricity for the heating end use, using egrid 2020 state emissions intensity	""
out.emissions.electricity.heating.egrid_2020_subregion	metadata	float	co2e_kg	annual greenhouse gas emissions from electricity for the heating end use, using egrid 2020 subregion emissions intensity	""
out.emissions.electricity.heating.egrid_2021_state	metadata	float	co2e_kg	annual greenhouse gas emissions from electricity for the heating end use, using egrid 2021 state emissions intensity	""
out.emissions.electricity.heating.egrid_2021_subregion	metadata	float	co2e_kg	annual greenhouse gas emissions from electricity for the heating end use, using egrid 2021 subregion emissions intensity	""
out.emissions.electricity.heating.lrmer_95_decarb_by_2035_15_2023_start	metadata	float	co2e_kg	annual greenhouse gas emissions from electricity for the heating end use, using Cambium 2022 lrmer_95_decarb_by_2035 levelized over 15 years starting in 2023	""
out.emissions.electricity.heating.lrmer_95_decarb_by_2035_15_2025_start	metadata	float	co2e_kg	annual greenhouse gas emissions from electricity for the heating end use, using Cambium 2022 lrmer_95_decarb_by_2035 levelized over 15 years starting in 2025	""
out.emissions.electricity.heating.lrmer_95_decarb_by_2035_25_2025_start	metadata	float	co2e_kg	annual greenhouse gas emissions from electricity for the heating end use, using Cambium 2022 lrmer_95_decarb_by_2035 levelized over 25 years starting in 2025	""
out.emissions.electricity.heating.lrmer_95_decarb_by_2035_30_2023_start	metadata	float	co2e_kg	annual greenhouse gas emissions from electricity for the heating end use, using Cambium 2022 lrmer_95_decarb_by_2035 levelized over 30 years starting in 2023	""
out.emissions.electricity.heating.lrmer_95_decarb_by_2050_15_2023_start	metadata	float	co2e_kg	annual greenhouse gas emissions from electricity for the heating end use, using Cambium 2022 lrmer_95_decarb_by_2050 levelized over 15 years starting in 2023	""
out.emissions.electricity.heating.lrmer_95_decarb_by_2050_30_2023_start	metadata	float	co2e_kg	annual greenhouse gas emissions from electricity for the heating end use, using Cambium 2022 lrmer_95_decarb_by_2050 levelized over 30 years starting in 2023	""
out.emissions.electricity.heating.lrmer_high_re_cost_15_2023_start	metadata	float	co2e_kg	annual greenhouse gas emissions from electricity for the heating end use, using Cambium 2022 lrmer_high_re_cost levelized over 15 years starting in 2023	""
out.emissions.electricity.heating.lrmer_high_re_cost_30_2023_start	metadata	float	co2e_kg	annual greenhouse gas emissions from electricity for the heating end use, using Cambium 2022 lrmer_high_re_cost levelized over 30 years starting in 2023	""
out.emissions.electricity.heating.lrmer_low_re_cost_15_2023_start	metadata	float	co2e_kg	annual greenhouse gas emissions from electricity for the heating end use, using Cambium 2022 lrmer_low_re_cost levelized over 15 years starting in 2023	""
out.emissions.electricity.heating.lrmer_low_re_cost_15_2025_start	metadata	float	co2e_kg	annual greenhouse gas emissions from electricity for the heating end use, using Cambium 2022 lrmer_low_re_cost levelized over 15 years starting in 2025	""
out.emissions.electricity.heating.lrmer_low_re_cost_25_2025_start	metadata	float	co2e_kg	annual greenhouse gas emissions from electricity for the heating end use, using Cambium 2022 lrmer_low_re_cost levelized over 25 years starting in 2025	""
out.emissions.electricity.heating.lrmer_low_re_cost_30_2023_start	metadata	float	co2e_kg	annual greenhouse gas emissions from electricity for the heating end use, using Cambium 2022 lrmer_low_re_cost levelized over 30 years starting in 2023	""
out.emissions.electricity.heating.lrmer_mid_case_15_2023_start	metadata	float	co2e_kg	annual greenhouse gas emissions from electricity for the heating end use, using Cambium 2022 lrmer_mid_case levelized over 15 years starting in 2023	""
out.emissions.electricity.heating.lrmer_mid_case_15_2025_start	metadata	float	co2e_kg	annual greenhouse gas emissions from electricity for the heating end use, using Cambium 2022 lrmer_mid_case levelized over 15 years starting in 2025	""
out.emissions.electricity.heating.lrmer_mid_case_25_2025_start	metadata	float	co2e_kg	annual greenhouse gas emissions from electricity for the heating end use, using Cambium 2022 lrmer_mid_case levelized over 25 years starting in 2025	""
out.emissions.electricity.heating.lrmer_mid_case_30_2023_start	metadata	float	co2e_kg	annual greenhouse gas emissions from electricity for the heating end use, using Cambium 2022 lrmer_mid_case levelized over 30 years starting in 2023	""
out.emissions.electricity.interior_equipment.aer_95_decarb_by_2035_from_2023	metadata	float	co2e_kg	annual greenhouse gas emissions from electricity for the interior_equipment end use, using Cambium 2022 aer_95_decarb_by_2035 non-levelized values from 2023	""
out.emissions.electricity.interior_equipment.aer_95_decarb_by_2050_from_2023	metadata	float	co2e_kg	annual greenhouse gas emissions from electricity for the interior_equipment end use, using Cambium 2022 aer_95_decarb_by_2050 non-levelized values from 2023	""
out.emissions.electricity.interior_equipment.aer_high_re_cost_from_2023	metadata	float	co2e_kg	annual greenhouse gas emissions from electricity for the interior_equipment end use, using Cambium 2022 aer_high_re_cost non-levelized values from 2023	""
out.emissions.electricity.interior_equipment.aer_low_re_cost_from_2023	metadata	float	co2e_kg	annual greenhouse gas emissions from electricity for the interior_equipment end use, using Cambium 2022 aer_low_re_cost non-levelized values from 2023	""
out.emissions.electricity.interior_equipment.aer_mid_case_from_2023	metadata	float	co2e_kg	annual greenhouse gas emissions from electricity for the interior_equipment end use, using Cambium 2022 aer_mid_case non-levelized values from 2023	""
out.emissions.electricity.interior_equipment.egrid_2018_state	metadata	float	co2e_kg	annual greenhouse gas emissions from electricity for the interior_equipment end use, using egrid 2018 state emissions intensity	""
out.emissions.electricity.interior_equipment.egrid_2018_subregion	metadata	float	co2e_kg	annual greenhouse gas emissions from electricity for the interior_equipment end use, using egrid 2018 subregion emissions intensity	""
out.emissions.electricity.interior_equipment.egrid_2019_state	metadata	float	co2e_kg	annual greenhouse gas emissions from electricity for the interior_equipment end use, using egrid 2019 state emissions intensity	""
out.emissions.electricity.interior_equipment.egrid_2019_subregion	metadata	float	co2e_kg	annual greenhouse gas emissions from electricity for the interior_equipment end use, using egrid 2019 subregion emissions intensity	""
out.emissions.electricity.interior_equipment.egrid_2020_state	metadata	float	co2e_kg	annual greenhouse gas emissions from electricity for the interior_equipment end use, using egrid 2020 state emissions intensity	""
out.emissions.electricity.interior_equipment.egrid_2020_subregion	metadata	float	co2e_kg	annual greenhouse gas emissions from electricity for the interior_equipment end use, using egrid 2020 subregion emissions intensity	""
out.emissions.electricity.interior_equipment.egrid_2021_state	metadata	float	co2e_kg	annual greenhouse gas emissions from electricity for the interior_equipment end use, using egrid 2021 state emissions intensity	""
out.emissions.electricity.interior_equipment.egrid_2021_subregion	metadata	float	co2e_kg	annual greenhouse gas emissions from electricity for the interior_equipment end use, using egrid 2021 subregion emissions intensity	""
out.emissions.electricity.interior_equipment.lrmer_95_decarb_by_2035_15_2023_start	metadata	float	co2e_kg	annual greenhouse gas emissions from electricity for the interior_equipment end use, using Cambium 2022 lrmer_95_decarb_by_2035 levelized over 15 years starting in 2023	""
out.emissions.electricity.interior_equipment.lrmer_95_decarb_by_2035_15_2025_start	metadata	float	co2e_kg	annual greenhouse gas emissions from electricity for the interior_equipment end use, using Cambium 2022 lrmer_95_decarb_by_2035 levelized over 15 years starting in 2025	""
out.emissions.electricity.interior_equipment.lrmer_95_decarb_by_2035_25_2025_start	metadata	float	co2e_kg	annual greenhouse gas emissions from electricity for the interior_equipment end use, using Cambium 2022 lrmer_95_decarb_by_2035 levelized over 25 years starting in 2025	""
out.emissions.electricity.interior_equipment.lrmer_95_decarb_by_2035_30_2023_start	metadata	float	co2e_kg	annual greenhouse gas emissions from electricity for the interior_equipment end use, using Cambium 2022 lrmer_95_decarb_by_2035 levelized over 30 years starting in 2023	""
out.emissions.electricity.interior_equipment.lrmer_95_decarb_by_2050_15_2023_start	metadata	float	co2e_kg	annual greenhouse gas emissions from electricity for the interior_equipment end use, using Cambium 2022 lrmer_95_decarb_by_2050 levelized over 15 years starting in 2023	""
out.emissions.electricity.interior_equipment.lrmer_95_decarb_by_2050_30_2023_start	metadata	float	co2e_kg	annual greenhouse gas emissions from electricity for the interior_equipment end use, using Cambium 2022 lrmer_95_decarb_by_2050 levelized over 30 years starting in 2023	""
out.emissions.electricity.interior_equipment.lrmer_high_re_cost_15_2023_start	metadata	float	co2e_kg	annual greenhouse gas emissions from electricity for the interior_equipment end use, using Cambium 2022 lrmer_high_re_cost levelized over 15 years starting in 2023	""
out.emissions.electricity.interior_equipment.lrmer_high_re_cost_30_2023_start	metadata	float	co2e_kg	annual greenhouse gas emissions from electricity for the interior_equipment end use, using Cambium 2022 lrmer_high_re_cost levelized over 30 years starting in 2023	""
out.emissions.electricity.interior_equipment.lrmer_low_re_cost_15_2023_start	metadata	float	co2e_kg	annual greenhouse gas emissions from electricity for the interior_equipment end use, using Cambium 2022 lrmer_low_re_cost levelized over 15 years starting in 2023	""
out.emissions.electricity.interior_equipment.lrmer_low_re_cost_15_2025_start	metadata	float	co2e_kg	annual greenhouse gas emissions from electricity for the interior_equipment end use, using Cambium 2022 lrmer_low_re_cost levelized over 15 years starting in 2025	""
out.emissions.electricity.interior_equipment.lrmer_low_re_cost_25_2025_start	metadata	float	co2e_kg	annual greenhouse gas emissions from electricity for the interior_equipment end use, using Cambium 2022 lrmer_low_re_cost levelized over 25 years starting in 2025	""
out.emissions.electricity.interior_equipment.lrmer_low_re_cost_30_2023_start	metadata	float	co2e_kg	annual greenhouse gas emissions from electricity for the interior_equipment end use, using Cambium 2022 lrmer_low_re_cost levelized over 30 years starting in 2023	""
out.emissions.electricity.interior_equipment.lrmer_mid_case_15_2023_start	metadata	float	co2e_kg	annual greenhouse gas emissions from electricity for the interior_equipment end use, using Cambium 2022 lrmer_mid_case levelized over 15 years starting in 2023	""
out.emissions.electricity.interior_equipment.lrmer_mid_case_15_2025_start	metadata	float	co2e_kg	annual greenhouse gas emissions from electricity for the interior_equipment end use, using Cambium 2022 lrmer_mid_case levelized over 15 years starting in 2025	""
out.emissions.electricity.interior_equipment.lrmer_mid_case_25_2025_start	metadata	float	co2e_kg	annual greenhouse gas emissions from electricity for the interior_equipment end use, using Cambium 2022 lrmer_mid_case levelized over 25 years starting in 2025	""
out.emissions.electricity.interior_equipment.lrmer_mid_case_30_2023_start	metadata	float	co2e_kg	annual greenhouse gas emissions from electricity for the interior_equipment end use, using Cambium 2022 lrmer_mid_case levelized over 30 years starting in 2023	""
out.emissions.electricity.interior_equipment_fuel_oil_ghg_emissions	metadata	float	co2e_kg	annual greenhouse gas emissions from electricity for the interior_equipment_fuel_oil_ghg_emissions	""
out.emissions.electricity.interior_equipment_natural_gas_ghg_emissions	metadata	float	co2e_kg	annual greenhouse gas emissions from electricity for the interior_equipment_natural_gas_ghg_emissions	""
out.emissions.electricity.interior_equipment_propane_ghg_emissions	metadata	float	co2e_kg	annual greenhouse gas emissions from electricity for the interior_equipment_propane_ghg_emissions	""
out.emissions.electricity.interior_lighting.aer_95_decarb_by_2035_from_2023	metadata	float	co2e_kg	annual greenhouse gas emissions from electricity for the interior_lighting end use, using Cambium 2022 aer_95_decarb_by_2035 non-levelized values from 2023	""
out.emissions.electricity.interior_lighting.aer_95_decarb_by_2050_from_2023	metadata	float	co2e_kg	annual greenhouse gas emissions from electricity for the interior_lighting end use, using Cambium 2022 aer_95_decarb_by_2050 non-levelized values from 2023	""
out.emissions.electricity.interior_lighting.aer_high_re_cost_from_2023	metadata	float	co2e_kg	annual greenhouse gas emissions from electricity for the interior_lighting end use, using Cambium 2022 aer_high_re_cost non-levelized values from 2023	""
out.emissions.electricity.interior_lighting.aer_low_re_cost_from_2023	metadata	float	co2e_kg	annual greenhouse gas emissions from electricity for the interior_lighting end use, using Cambium 2022 aer_low_re_cost non-levelized values from 2023	""
out.emissions.electricity.interior_lighting.aer_mid_case_from_2023	metadata	float	co2e_kg	annual greenhouse gas emissions from electricity for the interior_lighting end use, using Cambium 2022 aer_mid_case non-levelized values from 2023	""
out.emissions.electricity.interior_lighting.egrid_2018_state	metadata	float	co2e_kg	annual greenhouse gas emissions from electricity for the interior_lighting end use, using egrid 2018 state emissions intensity	""
out.emissions.electricity.interior_lighting.egrid_2018_subregion	metadata	float	co2e_kg	annual greenhouse gas emissions from electricity for the interior_lighting end use, using egrid 2018 subregion emissions intensity	""
out.emissions.electricity.interior_lighting.egrid_2019_state	metadata	float	co2e_kg	annual greenhouse gas emissions from electricity for the interior_lighting end use, using egrid 2019 state emissions intensity	""
out.emissions.electricity.interior_lighting.egrid_2019_subregion	metadata	float	co2e_kg	annual greenhouse gas emissions from electricity for the interior_lighting end use, using egrid 2019 subregion emissions intensity	""
out.emissions.electricity.interior_lighting.egrid_2020_state	metadata	float	co2e_kg	annual greenhouse gas emissions from electricity for the interior_lighting end use, using egrid 2020 state emissions intensity	""
out.emissions.electricity.interior_lighting.egrid_2020_subregion	metadata	float	co2e_kg	annual greenhouse gas emissions from electricity for the interior_lighting end use, using egrid 2020 subregion emissions intensity	""
out.emissions.electricity.interior_lighting.egrid_2021_state	metadata	float	co2e_kg	annual greenhouse gas emissions from electricity for the interior_lighting end use, using egrid 2021 state emissions intensity	""
out.emissions.electricity.interior_lighting.egrid_2021_subregion	metadata	float	co2e_kg	annual greenhouse gas emissions from electricity for the interior_lighting end use, using egrid 2021 subregion emissions intensity	""
out.emissions.electricity.interior_lighting.lrmer_95_decarb_by_2035_15_2023_start	metadata	float	co2e_kg	annual greenhouse gas emissions from electricity for the interior_lighting end use, using Cambium 2022 lrmer_95_decarb_by_2035 levelized over 15 years starting in 2023	""
out.emissions.electricity.interior_lighting.lrmer_95_decarb_by_2035_15_2025_start	metadata	float	co2e_kg	annual greenhouse gas emissions from electricity for the interior_lighting end use, using Cambium 2022 lrmer_95_decarb_by_2035 levelized over 15 years starting in 2025	""
out.emissions.electricity.interior_lighting.lrmer_95_decarb_by_2035_25_2025_start	metadata	float	co2e_kg	annual greenhouse gas emissions from electricity for the interior_lighting end use, using Cambium 2022 lrmer_95_decarb_by_2035 levelized over 25 years starting in 2025	""
out.emissions.electricity.interior_lighting.lrmer_95_decarb_by_2035_30_2023_start	metadata	float	co2e_kg	annual greenhouse gas emissions from electricity for the interior_lighting end use, using Cambium 2022 lrmer_95_decarb_by_2035 levelized over 30 years starting in 2023	""
out.emissions.electricity.interior_lighting.lrmer_95_decarb_by_2050_15_2023_start	metadata	float	co2e_kg	annual greenhouse gas emissions from electricity for the interior_lighting end use, using Cambium 2022 lrmer_95_decarb_by_2050 levelized over 15 years starting in 2023	""
out.emissions.electricity.interior_lighting.lrmer_95_decarb_by_2050_30_2023_start	metadata	float	co2e_kg	annual greenhouse gas emissions from electricity for the interior_lighting end use, using Cambium 2022 lrmer_95_decarb_by_2050 levelized over 30 years starting in 2023	""
out.emissions.electricity.interior_lighting.lrmer_high_re_cost_15_2023_start	metadata	float	co2e_kg	annual greenhouse gas emissions from electricity for the interior_lighting end use, using Cambium 2022 lrmer_high_re_cost levelized over 15 years starting in 2023	""
out.emissions.electricity.interior_lighting.lrmer_high_re_cost_30_2023_start	metadata	float	co2e_kg	annual greenhouse gas emissions from electricity for the interior_lighting end use, using Cambium 2022 lrmer_high_re_cost levelized over 30 years starting in 2023	""
out.emissions.electricity.interior_lighting.lrmer_low_re_cost_15_2023_start	metadata	float	co2e_kg	annual greenhouse gas emissions from electricity for the interior_lighting end use, using Cambium 2022 lrmer_low_re_cost levelized over 15 years starting in 2023	""
out.emissions.electricity.interior_lighting.lrmer_low_re_cost_15_2025_start	metadata	float	co2e_kg	annual greenhouse gas emissions from electricity for the interior_lighting end use, using Cambium 2022 lrmer_low_re_cost levelized over 15 years starting in 2025	""
out.emissions.electricity.interior_lighting.lrmer_low_re_cost_25_2025_start	metadata	float	co2e_kg	annual greenhouse gas emissions from electricity for the interior_lighting end use, using Cambium 2022 lrmer_low_re_cost levelized over 25 years starting in 2025	""
out.emissions.electricity.interior_lighting.lrmer_low_re_cost_30_2023_start	metadata	float	co2e_kg	annual greenhouse gas emissions from electricity for the interior_lighting end use, using Cambium 2022 lrmer_low_re_cost levelized over 30 years starting in 2023	""
out.emissions.electricity.interior_lighting.lrmer_mid_case_15_2023_start	metadata	float	co2e_kg	annual greenhouse gas emissions from electricity for the interior_lighting end use, using Cambium 2022 lrmer_mid_case levelized over 15 years starting in 2023	""
out.emissions.electricity.interior_lighting.lrmer_mid_case_15_2025_start	metadata	float	co2e_kg	annual greenhouse gas emissions from electricity for the interior_lighting end use, using Cambium 2022 lrmer_mid_case levelized over 15 years starting in 2025	""
out.emissions.electricity.interior_lighting.lrmer_mid_case_25_2025_start	metadata	float	co2e_kg	annual greenhouse gas emissions from electricity for the interior_lighting end use, using Cambium 2022 lrmer_mid_case levelized over 25 years starting in 2025	""
out.emissions.electricity.interior_lighting.lrmer_mid_case_30_2023_start	metadata	float	co2e_kg	annual greenhouse gas emissions from electricity for the interior_lighting end use, using Cambium 2022 lrmer_mid_case levelized over 30 years starting in 2023	""
out.emissions.electricity.lrmer_95_decarb_by_2035_15_2023_start	metadata	float	co2e_kg	annual greenhouse gas emissions from electricity use, using Cambium 2022 lrmer_95_decarb_by_2035_15 levelized over 15 years starting in 2023	""
out.emissions.electricity.lrmer_95_decarb_by_2035_15_2025_start	metadata	float	co2e_kg	annual greenhouse gas emissions from electricity use, using Cambium 2022 lrmer_95_decarb_by_2035_15 levelized over 15 years starting in 2025	""
out.emissions.electricity.lrmer_95_decarb_by_2035_25_2025_start	metadata	float	co2e_kg	annual greenhouse gas emissions from electricity use, using Cambium 2022 lrmer_95_decarb_by_2035_15 levelized over 25 years starting in 2025	""
out.emissions.electricity.lrmer_95_decarb_by_2035_30_2023_start	metadata	float	co2e_kg	annual greenhouse gas emissions from electricity use, using Cambium 2022 lrmer_95_decarb_by_2035_30 levelized over 15 years starting in 2023	""
out.emissions.electricity.lrmer_95_decarb_by_2050_15_2023_start	metadata	float	co2e_kg	annual greenhouse gas emissions from electricity use, using Cambium 2022 lrmer_95_decarb_by_2050_15 levelized over 15 years starting in 2023	""
out.emissions.electricity.lrmer_95_decarb_by_2050_30_2023_start	metadata	float	co2e_kg	annual greenhouse gas emissions from electricity use, using Cambium 2022 lrmer_95_decarb_by_2050_30 levelized over 15 years starting in 2023	""
out.emissions.electricity.lrmer_high_re_cost_15_2023_start	metadata	float	co2e_kg	annual greenhouse gas emissions from electricity use, using Cambium 2022 lrmer_high_re_cost_15 levelized over 15 years starting in 2023	""
out.emissions.electricity.lrmer_high_re_cost_30_2023_start	metadata	float	co2e_kg	annual greenhouse gas emissions from electricity use, using Cambium 2022 lrmer_high_re_cost_30 levelized over 15 years starting in 2023	""
out.emissions.electricity.lrmer_low_re_cost_15_2023_start	metadata	float	co2e_kg	annual greenhouse gas emissions from electricity use, using Cambium 2022 lrmer_low_re_cost_15 levelized over 15 years starting in 2023	""
out.emissions.electricity.lrmer_low_re_cost_15_2025_start	metadata	float	co2e_kg	annual greenhouse gas emissions from electricity use, using Cambium 2022 lrmer_low_re_cost_15 levelized over 15 years starting in 2025	""
out.emissions.electricity.lrmer_low_re_cost_25_2025_start	metadata	float	co2e_kg	annual greenhouse gas emissions from electricity use, using Cambium 2022 lrmer_low_re_cost_15 levelized over 25 years starting in 2025	""
out.emissions.electricity.lrmer_low_re_cost_30_2023_start	metadata	float	co2e_kg	annual greenhouse gas emissions from electricity use, using Cambium 2022 lrmer_low_re_cost_30 levelized over 15 years starting in 2023	""
out.emissions.electricity.lrmer_mid_case_15_2023_start	metadata	float	co2e_kg	annual greenhouse gas emissions from electricity use, using Cambium 2022 lrmer_mid_case_15 levelized over 15 years starting in 2023	""
out.emissions.electricity.lrmer_mid_case_15_2025_start	metadata	float	co2e_kg	annual greenhouse gas emissions from electricity use, using Cambium 2022 lrmer_mid_case_30 levelized over 15 years starting in 2025	""
out.emissions.electricity.lrmer_mid_case_25_2025_start	metadata	float	co2e_kg	annual greenhouse gas emissions from electricity use, using Cambium 2022 lrmer_mid_case_30 levelized over 25 years starting in 2025	""
out.emissions.electricity.lrmer_mid_case_30_2023_start	metadata	float	co2e_kg	annual greenhouse gas emissions from electricity use, using Cambium 2022 lrmer_mid_case_30 levelized over 15 years starting in 2023	""
out.emissions.electricity.refrigeration.aer_95_decarb_by_2035_from_2023	metadata	float	co2e_kg	annual greenhouse gas emissions from electricity for the refrigeration end use, using Cambium 2022 aer_95_decarb_by_2035 non-levelized values from 2023	""
out.emissions.electricity.refrigeration.aer_95_decarb_by_2050_from_2023	metadata	float	co2e_kg	annual greenhouse gas emissions from electricity for the refrigeration end use, using Cambium 2022 aer_95_decarb_by_2050 non-levelized values from 2023	""
out.emissions.electricity.refrigeration.aer_high_re_cost_from_2023	metadata	float	co2e_kg	annual greenhouse gas emissions from electricity for the refrigeration end use, using Cambium 2022 aer_high_re_cost non-levelized values from 2023	""
out.emissions.electricity.refrigeration.aer_low_re_cost_from_2023	metadata	float	co2e_kg	annual greenhouse gas emissions from electricity for the refrigeration end use, using Cambium 2022 aer_low_re_cost non-levelized values from 2023	""
out.emissions.electricity.refrigeration.aer_mid_case_from_2023	metadata	float	co2e_kg	annual greenhouse gas emissions from electricity for the refrigeration end use, using Cambium 2022 aer_mid_case non-levelized values from 2023	""
out.emissions.electricity.refrigeration.egrid_2018_state	metadata	float	co2e_kg	annual greenhouse gas emissions from electricity for the refrigeration end use, using egrid 2018 state emissions intensity	""
out.emissions.electricity.refrigeration.egrid_2018_subregion	metadata	float	co2e_kg	annual greenhouse gas emissions from electricity for the refrigeration end use, using egrid 2018 subregion emissions intensity	""
out.emissions.electricity.refrigeration.egrid_2019_state	metadata	float	co2e_kg	annual greenhouse gas emissions from electricity for the refrigeration end use, using egrid 2019 state emissions intensity	""
out.emissions.electricity.refrigeration.egrid_2019_subregion	metadata	float	co2e_kg	annual greenhouse gas emissions from electricity for the refrigeration end use, using egrid 2019 subregion emissions intensity	""
out.emissions.electricity.refrigeration.egrid_2020_state	metadata	float	co2e_kg	annual greenhouse gas emissions from electricity for the refrigeration end use, using egrid 2020 state emissions intensity	""
out.emissions.electricity.refrigeration.egrid_2020_subregion	metadata	float	co2e_kg	annual greenhouse gas emissions from electricity for the refrigeration end use, using egrid 2020 subregion emissions intensity	""
out.emissions.electricity.refrigeration.egrid_2021_state	metadata	float	co2e_kg	annual greenhouse gas emissions from electricity for the refrigeration end use, using egrid 2021 state emissions intensity	""
out.emissions.electricity.refrigeration.egrid_2021_subregion	metadata	float	co2e_kg	annual greenhouse gas emissions from electricity for the refrigeration end use, using egrid 2021 subregion emissions intensity	""
out.emissions.electricity.refrigeration.lrmer_95_decarb_by_2035_15_2023_start	metadata	float	co2e_kg	annual greenhouse gas emissions from electricity for the refrigeration end use, using Cambium 2022 lrmer_95_decarb_by_2035 levelized over 15 years starting in 2023	""
out.emissions.electricity.refrigeration.lrmer_95_decarb_by_2035_15_2025_start	metadata	float	co2e_kg	annual greenhouse gas emissions from electricity for the refrigeration end use, using Cambium 2022 lrmer_95_decarb_by_2035 levelized over 15 years starting in 2025	""
out.emissions.electricity.refrigeration.lrmer_95_decarb_by_2035_25_2025_start	metadata	float	co2e_kg	annual greenhouse gas emissions from electricity for the refrigeration end use, using Cambium 2022 lrmer_95_decarb_by_2035 levelized over 25 years starting in 2025	""
out.emissions.electricity.refrigeration.lrmer_95_decarb_by_2035_30_2023_start	metadata	float	co2e_kg	annual greenhouse gas emissions from electricity for the refrigeration end use, using Cambium 2022 lrmer_95_decarb_by_2035 levelized over 30 years starting in 2023	""
out.emissions.electricity.refrigeration.lrmer_95_decarb_by_2050_15_2023_start	metadata	float	co2e_kg	annual greenhouse gas emissions from electricity for the refrigeration end use, using Cambium 2022 lrmer_95_decarb_by_2050 levelized over 15 years starting in 2023	""
out.emissions.electricity.refrigeration.lrmer_95_decarb_by_2050_30_2023_start	metadata	float	co2e_kg	annual greenhouse gas emissions from electricity for the refrigeration end use, using Cambium 2022 lrmer_95_decarb_by_2050 levelized over 30 years starting in 2023	""
out.emissions.electricity.refrigeration.lrmer_high_re_cost_15_2023_start	metadata	float	co2e_kg	annual greenhouse gas emissions from electricity for the refrigeration end use, using Cambium 2022 lrmer_high_re_cost levelized over 15 years starting in 2023	""
out.emissions.electricity.refrigeration.lrmer_high_re_cost_30_2023_start	metadata	float	co2e_kg	annual greenhouse gas emissions from electricity for the refrigeration end use, using Cambium 2022 lrmer_high_re_cost levelized over 30 years starting in 2023	""
out.emissions.electricity.refrigeration.lrmer_low_re_cost_15_2023_start	metadata	float	co2e_kg	annual greenhouse gas emissions from electricity for the refrigeration end use, using Cambium 2022 lrmer_low_re_cost levelized over 15 years starting in 2023	""
out.emissions.electricity.refrigeration.lrmer_low_re_cost_15_2025_start	metadata	float	co2e_kg	annual greenhouse gas emissions from electricity for the refrigeration end use, using Cambium 2022 lrmer_low_re_cost levelized over 15 years starting in 2025	""
out.emissions.electricity.refrigeration.lrmer_low_re_cost_25_2025_start	metadata	float	co2e_kg	annual greenhouse gas emissions from electricity for the refrigeration end use, using Cambium 2022 lrmer_low_re_cost levelized over 25 years starting in 2025	""
out.emissions.electricity.refrigeration.lrmer_low_re_cost_30_2023_start	metadata	float	co2e_kg	annual greenhouse gas emissions from electricity for the refrigeration end use, using Cambium 2022 lrmer_low_re_cost levelized over 30 years starting in 2023	""
out.emissions.electricity.refrigeration.lrmer_mid_case_15_2023_start	metadata	float	co2e_kg	annual greenhouse gas emissions from electricity for the refrigeration end use, using Cambium 2022 lrmer_mid_case levelized over 15 years starting in 2023	""
out.emissions.electricity.refrigeration.lrmer_mid_case_15_2025_start	metadata	float	co2e_kg	annual greenhouse gas emissions from electricity for the refrigeration end use, using Cambium 2022 lrmer_mid_case levelized over 15 years starting in 2025	""
out.emissions.electricity.refrigeration.lrmer_mid_case_25_2025_start	metadata	float	co2e_kg	annual greenhouse gas emissions from electricity for the refrigeration end use, using Cambium 2022 lrmer_mid_case levelized over 25 years starting in 2025	""
out.emissions.electricity.refrigeration.lrmer_mid_case_30_2023_start	metadata	float	co2e_kg	annual greenhouse gas emissions from electricity for the refrigeration end use, using Cambium 2022 lrmer_mid_case levelized over 30 years starting in 2023	""
out.emissions.electricity.water_systems.aer_95_decarb_by_2035_from_2023	metadata	float	co2e_kg	annual greenhouse gas emissions from electricity for the water_systems end use, using Cambium 2022 aer_95_decarb_by_2035 non-levelized values from 2023	""
out.emissions.electricity.water_systems.aer_95_decarb_by_2050_from_2023	metadata	float	co2e_kg	annual greenhouse gas emissions from electricity for the water_systems end use, using Cambium 2022 aer_95_decarb_by_2050 non-levelized values from 2023	""
out.emissions.electricity.water_systems.aer_high_re_cost_from_2023	metadata	float	co2e_kg	annual greenhouse gas emissions from electricity for the water_systems end use, using Cambium 2022 aer_high_re_cost non-levelized values from 2023	""
out.emissions.electricity.water_systems.aer_low_re_cost_from_2023	metadata	float	co2e_kg	annual greenhouse gas emissions from electricity for the water_systems end use, using Cambium 2022 aer_low_re_cost non-levelized values from 2023	""
out.emissions.electricity.water_systems.aer_mid_case_from_2023	metadata	float	co2e_kg	annual greenhouse gas emissions from electricity for the water_systems end use, using Cambium 2022 aer_mid_case non-levelized values from 2023	""
out.emissions.electricity.water_systems.egrid_2018_state	metadata	float	co2e_kg	annual greenhouse gas emissions from electricity for the water_systems end use, using egrid 2018 state emissions intensity	""
out.emissions.electricity.water_systems.egrid_2018_subregion	metadata	float	co2e_kg	annual greenhouse gas emissions from electricity for the water_systems end use, using egrid 2018 subregion emissions intensity	""
out.emissions.electricity.water_systems.egrid_2019_state	metadata	float	co2e_kg	annual greenhouse gas emissions from electricity for the water_systems end use, using egrid 2019 state emissions intensity	""
out.emissions.electricity.water_systems.egrid_2019_subregion	metadata	float	co2e_kg	annual greenhouse gas emissions from electricity for the water_systems end use, using egrid 2019 subregion emissions intensity	""
out.emissions.electricity.water_systems.egrid_2020_state	metadata	float	co2e_kg	annual greenhouse gas emissions from electricity for the water_systems end use, using egrid 2020 state emissions intensity	""
out.emissions.electricity.water_systems.egrid_2020_subregion	metadata	float	co2e_kg	annual greenhouse gas emissions from electricity for the water_systems end use, using egrid 2020 subregion emissions intensity	""
out.emissions.electricity.water_systems.egrid_2021_state	metadata	float	co2e_kg	annual greenhouse gas emissions from electricity for the water_systems end use, using egrid 2021 state emissions intensity	""
out.emissions.electricity.water_systems.egrid_2021_subregion	metadata	float	co2e_kg	annual greenhouse gas emissions from electricity for the water_systems end use, using egrid 2021 subregion emissions intensity	""
out.emissions.electricity.water_systems.lrmer_95_decarb_by_2035_15_2023_start	metadata	float	co2e_kg	annual greenhouse gas emissions from electricity for the water_systems end use, using Cambium 2022 lrmer_95_decarb_by_2035 levelized over 15 years starting in 2023	""
out.emissions.electricity.water_systems.lrmer_95_decarb_by_2035_15_2025_start	metadata	float	co2e_kg	annual greenhouse gas emissions from electricity for the water_systems end use, using Cambium 2022 lrmer_95_decarb_by_2035 levelized over 15 years starting in 2025	""
out.emissions.electricity.water_systems.lrmer_95_decarb_by_2035_25_2025_start	metadata	float	co2e_kg	annual greenhouse gas emissions from electricity for the water_systems end use, using Cambium 2022 lrmer_95_decarb_by_2035 levelized over 25 years starting in 2025	""
out.emissions.electricity.water_systems.lrmer_95_decarb_by_2035_30_2023_start	metadata	float	co2e_kg	annual greenhouse gas emissions from electricity for the water_systems end use, using Cambium 2022 lrmer_95_decarb_by_2035 levelized over 30 years starting in 2023	""
out.emissions.electricity.water_systems.lrmer_95_decarb_by_2050_15_2023_start	metadata	float	co2e_kg	annual greenhouse gas emissions from electricity for the water_systems end use, using Cambium 2022 lrmer_95_decarb_by_2050 levelized over 15 years starting in 2023	""
out.emissions.electricity.water_systems.lrmer_95_decarb_by_2050_30_2023_start	metadata	float	co2e_kg	annual greenhouse gas emissions from electricity for the water_systems end use, using Cambium 2022 lrmer_95_decarb_by_2050 levelized over 30 years starting in 2023	""
out.emissions.electricity.water_systems.lrmer_high_re_cost_15_2023_start	metadata	float	co2e_kg	annual greenhouse gas emissions from electricity for the water_systems end use, using Cambium 2022 lrmer_high_re_cost levelized over 15 years starting in 2023	""
out.emissions.electricity.water_systems.lrmer_high_re_cost_30_2023_start	metadata	float	co2e_kg	annual greenhouse gas emissions from electricity for the water_systems end use, using Cambium 2022 lrmer_high_re_cost levelized over 30 years starting in 2023	""
out.emissions.electricity.water_systems.lrmer_low_re_cost_15_2023_start	metadata	float	co2e_kg	annual greenhouse gas emissions from electricity for the water_systems end use, using Cambium 2022 lrmer_low_re_cost levelized over 15 years starting in 2023	""
out.emissions.electricity.water_systems.lrmer_low_re_cost_15_2025_start	metadata	float	co2e_kg	annual greenhouse gas emissions from electricity for the water_systems end use, using Cambium 2022 lrmer_low_re_cost levelized over 15 years starting in 2025	""
out.emissions.electricity.water_systems.lrmer_low_re_cost_25_2025_start	metadata	float	co2e_kg	annual greenhouse gas emissions from electricity for the water_systems end use, using Cambium 2022 lrmer_low_re_cost levelized over 25 years starting in 2025	""
out.emissions.electricity.water_systems.lrmer_low_re_cost_30_2023_start	metadata	float	co2e_kg	annual greenhouse gas emissions from electricity for the water_systems end use, using Cambium 2022 lrmer_low_re_cost levelized over 30 years starting in 2023	""
out.emissions.electricity.water_systems.lrmer_mid_case_15_2023_start	metadata	float	co2e_kg	annual greenhouse gas emissions from electricity for the water_systems end use, using Cambium 2022 lrmer_mid_case levelized over 15 years starting in 2023	""
out.emissions.electricity.water_systems.lrmer_mid_case_15_2025_start	metadata	float	co2e_kg	annual greenhouse gas emissions from electricity for the water_systems end use, using Cambium 2022 lrmer_mid_case levelized over 15 years starting in 2025	""
out.emissions.electricity.water_systems.lrmer_mid_case_25_2025_start	metadata	float	co2e_kg	annual greenhouse gas emissions from electricity for the water_systems end use, using Cambium 2022 lrmer_mid_case levelized over 25 years starting in 2025	""
out.emissions.electricity.water_systems.lrmer_mid_case_30_2023_start	metadata	float	co2e_kg	annual greenhouse gas emissions from electricity for the water_systems end use, using Cambium 2022 lrmer_mid_case levelized over 30 years starting in 2023	""
out.emissions.fuel_oil	metadata	float	co2e_kg	annual greenhouse gas emissions from on site fuel oil use	""
out.emissions.fuel_oil.enduse_group.hvac	metadata	float	co2e_kg	annual greenhouse gas emissions from electricity for the heating_fuel_oil_ghg_emissions	""
out.emissions.fuel_oil.heating	metadata	float	co2e_kg	annual greenhouse gas emissions from electricity for the hvac_fuel_oil_ghg_emissions	""
out.emissions.fuel_oil.water_systems	metadata	float	co2e_kg	annual greenhouse gas emissions from electricity for the water_systems_fuel_oil_ghg_emissions	""
out.emissions.natural_gas	metadata	float	co2e_kg	annual greenhouse gas emissions from on site natural gas use	""
out.emissions.natural_gas.enduse_group.hvac	metadata	float	co2e_kg	annual greenhouse gas emissions from electricity for the heating_natural_gas_ghg_emissions	""
out.emissions.natural_gas.heating	metadata	float	co2e_kg	annual greenhouse gas emissions from electricity for the hvac_natural_gas_ghg_emissions	""
out.emissions.natural_gas.water_systems	metadata	float	co2e_kg	annual greenhouse gas emissions from electricity for the water_systems_natural_gas_ghg_emissions	""
out.emissions.propane	metadata	float	co2e_kg	annual greenhouse gas emissions from on site propane use	""
out.emissions.propane.enduse_group.hvac	metadata	float	co2e_kg	annual greenhouse gas emissions from electricity for the heating_propane_ghg_emissions	""
out.emissions.propane.heating	metadata	float	co2e_kg	annual greenhouse gas emissions from electricity for the hvac_propane_ghg_emissions	""
out.emissions.propane.water_systems	metadata	float	co2e_kg	annual greenhouse gas emissions from electricity for the water_systems_propane_ghg_emissions	""
out.utility_bills.electricity_bill_intensity	metadata	float	usd_per_ft2	Total electric bill per floor area	""
out.utility_bills.electricity_bill_max	metadata	float	usd	Maximum electric bill maximum across all applicable rates	""
out.utility_bills.electricity_bill_mean	metadata	float	usd	Mean electric bill across all applicable rates	""
out.utility_bills.electricity_bill_median	metadata	float	usd	Median electric bill across all applicable rates	""
out.utility_bills.electricity_bill_min	metadata	float	usd	Minimum electric bill across all applicable rates	""
out.utility_bills.electricity_bill_number_of_rates	metadata	float	usd	Number of applicable electric rates	""
out.utility_bills.electricity_energy_rate	metadata	float	usd_per_kwh	Total electric bill per kWh of electricity consumption	""
out.utility_bills.electricity_utility_eia_id	metadata	integer		The EIA ID of the electric utility for this building	""
out.utility_bills.fuel_oil_bill	metadata	float	usd	Fuel oil bill	""
out.utility_bills.fuel_oil_bill_intensity	metadata	float	usd_per_ft2	Total fuel oil bill per floor area	""
out.utility_bills.fuel_oil_rate_name	metadata	string		Name of the fuel oil rate used	""
out.utility_bills.natural_gas_bill	metadata	float	usd	Natural gas bill	""
out.utility_bills.natural_gas_bill_intensity	metadata	float	usd_per_ft2	Total natural gas bill per floor area	""
out.utility_bills.natural_gas_energy_rate	metadata	float	usd_per_kwh	Total natural gas bill per kWh of natural consumption. Note atypical consumption units for natural gas.	""
out.utility_bills.natural_gas_rate_name	metadata	string		Name of the natural gas rate used	EIA 2022 Average Commercial Natural Gas Price for OR|EIA 2022 Average Commercial Natural Gas Price for NM|EIA 2022 Average Commercial Natural Gas Price for ND|EIA 2022 Average Commercial Natural Gas Price for VA|EIA 2022 Average Commercial Natural Gas Price for WI|EIA 2022 Average Commercial Natural Gas Price for SC|EIA 2022 Average Commercial Natural Gas Price for TX|EIA 2022 Average Commercial Natural Gas Price for CO|EIA 2022 Average Commercial Natural Gas Price for AZ|EIA 2022 Average Commercial Natural Gas Price for IN|...too many to list
out.utility_bills.propane_bill	metadata	float	usd	Propane bill from one applicable rate	""
out.utility_bills.propane_bill_intensity	metadata	float	usd_per_ft2	Total propane bill per floor area	""
out.utility_bills.propane_rate_name	metadata	string		Name of the propane rate used	EIA 2022 Average Residential Propane Price for MI|EIA 2022 Average Residential Propane Price for AZ|EIA 2022 Average Residential Propane Price for MO|EIA 2022 Average Residential Propane Price for OR|EIA 2022 Average Residential Propane Price for AL|EIA 2022 Average Residential Propane Price for ME|EIA 2022 Average Residential Propane Price for ND|EIA 2022 Average Residential Propane Price for CA|EIA 2022 Average Residential Propane Price for NH|EIA 2022 Average Residential Propane Price for SD|...too many to list
out.params.air_system_fan_power_minimum_flow_fraction	metadata	float		Fan power design minimum airflow fraction for air systems	""
out.params.air_system_fan_static_pressure	metadata	float	inwc	Fan static pressure for air systems in pascals	""
out.params.air_system_fan_total_efficiency	metadata	float		Total air system fan efficiency	""
out.params.area_fraction_with_dcv	metadata	float		Fraction of floor area served by HVAC with DCV	""
out.params.area_fraction_with_economizer	metadata	float		Fraction of floor area served by HVAC with economizer	""
out.params.area_fraction_with_heat_recovery	metadata	float		Fraction of floor area served by HVAC with heat recovery	""
out.params.area_fraction_with_motorized_oa_damper	metadata	float		Fraction of floor area served by HVAC with motorized outdoor air damper	""
out.params.area_fraction_with_mz_vav_optimization	metadata	float		Fraction of floor area served by HVAC with multizone vav optimization	""
out.params.area_fraction_with_supply_air_temperature_reset	metadata	float		Fraction of floor area served by HVAC with supply air temperature reset	""
out.params.area_fraction_with_unoccupied_shutdown	metadata	float		Fraction of floor area served by HVAC with unoccupied shutdown	""
out.params.average_cooling_setpoint_max	metadata	float	c	Average maximum cooling thermostat setpoint	""
out.params.average_cooling_setpoint_min	metadata	float	c	Average minimum cooling thermostat setpoint	""
out.params.average_heating_setpoint_max	metadata	float	c	Average maximum heating thermostat setpoint	""
out.params.average_heating_setpoint_min	metadata	float	c	Average minimum heating thermostat setpoint	""
out.params.average_outdoor_air_fraction	metadata	float		Average outdoor air ventialtion fraction	""
out.params.average_roof_absorptance	metadata	float		Average roof absorptance	""
out.params.average_roof_u_value	metadata	float	btu_per_ft2_f_hr	Average roof u-value	""
out.params.average_wall_u_value	metadata	float	btu_per_ft2_f_hr	Average exterior wall u-value	""
out.params.average_window_shgc	metadata	float		Solar heat gain coefficient of windows	""
out.params.average_window_u_value	metadata	float	btu_per_ft2_f_hr	Conductivity of windows	""
out.params.average_window_vlt	metadata	float		Average glazing visible transmittance	""
out.params.boiler_average_efficiency	metadata	float		load weighted average thermal efficiency	""
out.params.boiler_cap_weight_efficiency	metadata	float		capacity weighted nominal thermal efficiency	""
out.params.boiler_capacity	metadata	float	kbtu_per_hr	Sum of boiler capacity	""
out.params.boiler_electric	metadata	float	j	total boiler electric use	""
out.params.boiler_gas	metadata	float	j	total boiler gas use	""
out.params.boiler_load	metadata	float	j	total boiler heating load served	""
out.params.boiler_load_weight_efficiency	metadata	float		load weighted nominal thermal efficiency	""
out.params.boiler_other_fuel	metadata	float	j	total boiler other fuel use	""
out.params.booster_water_heater_electric	metadata	float	j	electric energy use by booster water heaters	""
out.params.booster_water_heater_gas	metadata	float	j	gas energy use by booster water heaters	""
out.params.broiler_fuel_type	metadata	string		Fuel type of broilers	Electric|Gas
out.params.building_fraction_cooled	metadata	float		Fraction of building that is served by a cooling system	""
out.params.building_fraction_heated	metadata	float		Fraction of building that is served by a heating system	""
out.params.cdd50f	metadata	float		cooling degree days with a 50F base	""
out.params.cdd65f	metadata	float		cooling degree days with a 65F base	""
out.params.chiller_average_cop	metadata	float	cop	annual average COP, weighted by load	""
out.params.chiller_capacity	metadata	float	tons	Sum of chiller capacity	""
out.params.cooling_equipment_capacity	metadata	float	tons	Sum of cooling equipment capacity	""
out.params.daylight_control_fraction	metadata	float		Fraction of building lighting by floor area that is controlled by daylight sensors	""
out.params.design_chiller_cop	metadata	float	cop	Design cop of chiller	""
out.params.design_outdoor_air_flow_rate	metadata	float	m3_per_m2_s	Design outdoor air ventilation flow rate for air systems	""
out.params.dining_type	metadata	string		Type of dining facility	None|Hotel B|Burger A|Chicken A|Pubs/Taverns|Burger B|Diner|Chinese B|Chinese A|Grills|Pancake|Hospitals Large|Hotel A|Fish B|Pizza B|Dept. Stores|Chicken B|Muffin|Potato|Hot Dog|Cookie|Restaurant B|Hospitals Small|High School|Cafe|Pizza A|Restaurant C|Fish A|Donut|Restaurant A|Truck Stop|Roast Beef
out.params.dx_cooling_average_cop	metadata	float	cop	DX cooling COP during operation averaged across all cooling coils	""
out.params.dx_cooling_capacity_tons	metadata	float	tons	Sum of dx cooling capacity	""
out.params.dx_cooling_design_cop	metadata	float	cop	DX cooling COP at rated conditions averaged across all cooling coils	""
out.params.dx_cooling_design_eer_135_to_240_kbtuh	metadata	float	eer	Design eer of dx cooling coils for 135-240 kbtuh equipment	""
out.params.dx_cooling_design_eer_240_to_760_kbtuh	metadata	float	eer	Design eer of dx cooling coils for 240-760 kbtuh equipment	""
out.params.dx_cooling_design_eer_65_to_135_kbtuh	metadata	float	eer	Design eer of dx cooling coils for 65-135 kbtuh equipment	""
out.params.dx_cooling_design_eer_760_plus_kbtuh	metadata	float	eer	Design eer of dx cooling coils for 760 plus kbtuh equipment	""
out.params.dx_cooling_design_ieer_135_to_240_kbtuh	metadata	float	ieer	Design ieer of dx cooling coils for 135-240 kbtuh equipment	""
out.params.dx_cooling_design_ieer_240_to_760_kbtuh	metadata	float	ieer	Design ieer of dx cooling coils for 240-760 kbtuh equipment	""
out.params.dx_cooling_design_ieer_65_to_135_kbtuh	metadata	float	ieer	Design ieer of dx cooling coils for 65-135 kbtuh equipment	""
out.params.dx_cooling_design_ieer_760_plus_kbtuh	metadata	float	ieer	Design ieer of dx cooling coils for 760 plus kbtuh equipment	""
out.params.dx_cooling_design_seer_0_to_30_kbtuh	metadata	float	seer	Design seer of dx cooling coils for 0-30 kbtuh equipment	""
out.params.dx_cooling_design_seer_30_to_65_kbtuh	metadata	float	seer	Design seer of dx cooling coils for 30-65 kbtuh equipment	""
out.params.dx_cooling_electric	metadata	float	j	total dx cooling equipment electric use	""
out.params.dx_cooling_load	metadata	float	j	total dx cooling equipment cooling load served	""
out.params.dx_heating_average_cop	metadata	float	cop	Average dx heating cop	""
out.params.dx_heating_average_minimum_operating_temperature	metadata	float	c	Average minimum operating temperature of DX heating coils	""
out.params.dx_heating_average_total_cop	metadata	float	cop	annual average COP of DX heating equipment including supplemental heating and defrost energy, weighted by total dx heating and supplemental heating load	""
out.params.dx_heating_capacity_at_0f	metadata	float	kbtu_per_hr	Sum of dx heating capacity at 0F	""
out.params.dx_heating_capacity_at_17f	metadata	float	kbtu_per_hr	Sum of dx heating capacity at 17F	""
out.params.dx_heating_capacity_at_5f	metadata	float	kbtu_per_hr	Sum of dx heating capacity at 5F	""
out.params.dx_heating_capacity_at_rated	metadata	float	kbtu_per_hr	Sum of dx heating capacity	""
out.params.dx_heating_defrost_energy	metadata	float	kbtu	Sum of defrost energy use of a dx heating coil	""
out.params.dx_heating_design_cop	metadata	float	cop	Design cop of dx heating coils	""
out.params.dx_heating_design_cop_0f	metadata	float	cop	Design cop of dx heating coils at 0F	""
out.params.dx_heating_design_cop_135_to_240_kbtuh	metadata	float	cop	Design cop of dx heating coils for 135-240 kbtuh equipment	""
out.params.dx_heating_design_cop_17f	metadata	float	cop	Design cop of dx heating coils at 17F	""
out.params.dx_heating_design_cop_240_plus_kbtuh	metadata	float	cop	Design cop of dx heating coils for 240 plus kbtuh equipment	""
out.params.dx_heating_design_cop_5f	metadata	float	cop	Design cop of dx heating coils at 5F	""
out.params.dx_heating_design_cop_65_to_135_kbtuh	metadata	float	cop	Design cop of dx heating coils for 65-135 kbtuh equipment	""
out.params.dx_heating_design_hspf_0_to_30_kbtuh	metadata	float	hspf	Design hspf of dx heating coils for 0-30 kbtuh equipment	""
out.params.dx_heating_design_hspf_30_to_65_kbtuh	metadata	float	hspf	Design hspf of dx heating coils for 30-65 kbtuh equipment	""
out.params.dx_heating_fraction_electric_defrost	metadata	float		defrost electric energy divided by the sum of supplemental coil electric energy, defrost electric energy, and dx coil electric energy	""
out.params.dx_heating_fraction_electric_supplemental	metadata	float		supplemental coil electric energy divided by the sum of supplemental coil electric energy, defrost electric energy, and dx coil electric energy	""
out.params.dx_heating_fraction_supplemental	metadata	float		Fraction of dx heating system load met by associated supplemental coil	""
out.params.dx_heating_hours_below_minus_20f	metadata	float	hr	Number of hours with an outdoor air temperature below -20F	""
out.params.dx_heating_ratio_defrost	metadata	float		Ratio of defrost energy use to total heating load of dx heating system	""
out.params.dx_heating_supplemental_capacity	metadata	float	kbtu_per_hr	Sum of dx heating supplemental capacity	""
out.params.dx_heating_supplemental_capacity_electric	metadata	float	kbtu_per_hr	Sum of dx heating supplemental capacity electric	""
out.params.dx_heating_supplemental_capacity_gas	metadata	float	kbtu_per_hr	Sum of dx heating supplemental capacity gas	""
out.params.dx_heating_total_dx_electric	metadata	float	j	total dx heating equipment electric use, excluding supplemental heating	""
out.params.dx_heating_total_dx_load	metadata	float	j	total dx heating equipment heating load served, excluding supplemental heating	""
out.params.dx_heating_total_load	metadata	float	j	total dx heating equipment heating load served, including supplemental heating	""
out.params.dx_heating_total_supplemental_electric	metadata	float	j	total dx heating equipment supplemental electric use	""
out.params.dx_heating_total_supplemental_gas	metadata	float	j	total dx heating equipment supplemental gas use	""
out.params.dx_heating_total_supplemental_load	metadata	float	j	total dx heating equipment supplemental load served	""
out.params.dx_heating_total_supplemental_load_electric	metadata	float	j	total dx heating equipment supplemental load served by electric	""
out.params.dx_heating_total_supplemental_load_gas	metadata	float	j	total dx heating equipment supplemental load served by gas	""
out.params.economizer_control_type	metadata	string		most prevalent economizer control type by total annual airflow	FixedDryBulb|DifferentialDryBulb|NoEconomizer|DifferentialEnthalpy
out.params.economizer_high_limit_enthalpy	metadata	float	j_per_kg	average economizer high limited enthalpy, weighted by total annual airflow	""
out.params.economizer_high_limit_temperature	metadata	float	c	average economizer high limit temperature, weighted by total annual airflow	""
out.params.elevator_energy_consumption	metadata	float	kwh	Annual energy consumption of elevators	""
out.params.ext_roof_area	metadata	float	m2	Area of surfaces with surface type 'RoofCeiling' and 'Outdoors' boundary condition	""
out.params.ext_wall_area	metadata	float	m2	Area of surfaces with surface type 'Wall' and 'Outdoors' boundary condition	""
out.params.ext_window_area	metadata	float	m2	Sum window area	""
out.params.exterior_lighting_power	metadata	float	w	Peak exterior lighting electricty usage	""
out.params.fluid_hx_demand_inlet_temp	metadata	float	c	fluid heat exchanger load weighted annual average demand inlet temperature	""
out.params.fluid_hx_demand_outlet_temp	metadata	float	c	fluid heat exchanger load weighted annual average demand outlet temperature	""
out.params.fluid_hx_supply_inlet_temp	metadata	float	c	fluid heat exchanger load weighted annual average supply inlet temperature	""
out.params.fluid_hx_supply_outlet_temp	metadata	float	c	fluid heat exchanger load weighted annual average supply outlet temperature	""
out.params.fluid_hx_transfer_energy	metadata	float	j	fluid heat exchanger total energy transferred	""
out.params.fryer_fuel_type	metadata	string		Fuel type of fryers	Electric|Gas
out.params.furnace_capacity	metadata	float	kbtu_per_hr	Sum of furnace capacity	""
out.params.gas_coil_average_efficiency	metadata	float		capacity weighted nominal thermal efficiency	""
out.params.ghx_borehole_depth	metadata	float	ft	average length of vertical ground heat exchangers, weighted by count	""
out.params.ghx_flow_rate	metadata	float	ft3_per_min	average design flow rate of vertical ground heat exchangers, weighted by count	""
out.params.ghx_num_boreholes	metadata	float		number of vertical ground heat exchangers	""
out.params.griddle_fuel_type	metadata	string		Fuel type of griddles	Electric|Gas
out.params.hdd50f	metadata	float		heating degree days with a 50F base	""
out.params.hdd65f	metadata	float		heating degree days with a 65F base	""
out.params.heat_pump_cooling_average_cop	metadata	float	cop	load weighted average heat pump cop for cooling	""
out.params.heat_pump_cooling_cap_weight_cop	metadata	float	cop	capacity weighted heat pump reference cop for cooling	""
out.params.heat_pump_cooling_capacity	metadata	float	kbtu_per_hr	capacity of all heat pumps for cooling	""
out.params.heat_pump_cooling_load_weight_cop	metadata	float	cop	load weighted heat pump reference cop for cooling	""
out.params.heat_pump_cooling_source_inlet_temp	metadata	float	c	heat pump cooling load weighted annual average source inlet temperature	""
out.params.heat_pump_cooling_total_electric	metadata	float	j	total heat pump electric use for cooling	""
out.params.heat_pump_cooling_total_load	metadata	float	j	total heat pump cooling load served	""
out.params.heat_pump_heating_average_cop	metadata	float	cop	load weighted average heat pump cop for heating	""
out.params.heat_pump_heating_cap_weight_cop	metadata	float	cop	capacity weighted heat pump reference cop for heating	""
out.params.heat_pump_heating_capacity	metadata	float	kbtu_per_hr	capacity of all heat pumps for heating	""
out.params.heat_pump_heating_load_weight_cop	metadata	float	cop	load weighted heat pump reference cop for heating	""
out.params.heat_pump_heating_source_inlet_temp	metadata	float	c	heat pump heating load weighted annual average source inlet temperature	""
out.params.heat_pump_heating_total_electric	metadata	float	j	total heat pump electric use for heating	""
out.params.heat_pump_heating_total_load	metadata	float	j	total heat pump heating load served	""
out.params.heating_equipment	metadata	float	kbtu_per_hr	Sum of heating equipment capacity	""
out.params.hot_water_loop_boiler_fraction	metadata	float		heating load provided by boilers divided by total hot water loop heating load	""
out.params.hot_water_loop_heat_pump_fraction	metadata	float		heating load provided by heat pumps divided by total  hot water loop heating load	""
out.params.hot_water_loop_load	metadata	float	j	heating load provided by boilers and heat pumps	""
out.params.hot_water_volume	metadata	float	m3	Annual hot water usage by volume	""
out.params.hours_above_65f	metadata	float	hr	Number of hours with an outdoor air temperature above 65F	""
out.params.hours_below_0f	metadata	float	hr	Number of hours with an outdoor air temperature below 0F	""
out.params.hours_below_17f	metadata	float	hr	Number of hours with an outdoor air temperature below 17F	""
out.params.hours_below_50f	metadata	float	hr	Number of hours with an outdoor air temperature below 50F	""
out.params.hours_below_5f	metadata	float	hr	Number of hours with an outdoor air temperature below 5F	""
out.params.hours_cooling_setpoint_not_met	metadata	float	hr	Annual number of hours the building was not meeting the cooling thermostat setpoint tolerance for all of its zones	""
out.params.hours_heating_setpoint_not_met	metadata	float	hr	Annual number of hours the building was not meeting the heating thermostat setpoint tolerance for all of its zones	""
out.params.hp_water_heater_0_to_40_gal_capacity	metadata	float	w	individual equipment in this range	""
out.params.hp_water_heater_0_to_40_gal_cop	metadata	float	cop	individual equipment in this range	""
out.params.hp_water_heater_0_to_40_gal_count	metadata	float		individual equipment in this range	""
out.params.hp_water_heater_0_to_40_gal_total_volume	metadata	float	gal	combined volume of heat pump water heaters in this volume range	""
out.params.hp_water_heater_40_to_65_gal_capacity	metadata	float	w	individual equipment in this range	""
out.params.hp_water_heater_40_to_65_gal_cop	metadata	float	cop	individual equipment in this range	""
out.params.hp_water_heater_40_to_65_gal_count	metadata	float		individual equipment in this range	""
out.params.hp_water_heater_40_to_65_gal_total_volume	metadata	float	gal	combined volume of heat pump water heaters in this volume range	""
out.params.hp_water_heater_65_to_90_gal_capacity	metadata	float	w	individual equipment in this range	""
out.params.hp_water_heater_65_to_90_gal_cop	metadata	float	cop	individual equipment in this range	""
out.params.hp_water_heater_65_to_90_gal_count	metadata	float		individual equipment in this range	""
out.params.hp_water_heater_65_to_90_gal_total_volume	metadata	float	gal	combined volume of heat pump water heaters in this volume range	""
out.params.hp_water_heater_90_plus_capacity	metadata	float	w	individual equipment in this range	""
out.params.hp_water_heater_90_plus_gal_cop	metadata	float	cop	individual equipment in this range	""
out.params.hp_water_heater_90_plus_gal_count	metadata	float		individual equipment in this range	""
out.params.hp_water_heater_90_plus_gal_total_volume	metadata	float	gal	combined volume of heat pump water heaters in this volume range	""
out.params.hp_water_heater_backup_electric	metadata	float	j	energy input to tank	""
out.params.hp_water_heater_capacity	metadata	float	w	combined heat pump water heater capacity, excluding backup coils	""
out.params.hp_water_heater_cop	metadata	float	cop	average heat pump water heater cop, including backup coils	""
out.params.hp_water_heater_count	metadata	float		number of heat pump water heaters	""
out.params.hp_water_heater_heat_pump_electric	metadata	float	j	energy input to heat pump	""
out.params.hp_water_heater_heat_pump_output	metadata	float	j	energy delivered by heat pump	""
out.params.hp_water_heater_tank_output	metadata	float	j	energy delivered by tank	""
out.params.hp_water_heater_total_electric	metadata	float	j	energy input to heat pump and tank	""
out.params.hp_water_heater_total_output	metadata	float	j	energy delivered by heat pump and energy required to maintain setpoint	""
out.params.hp_water_heater_total_volume	metadata	float	gal	combined volume of heat pump water heaters	""
out.params.hp_water_heater_unmet_heat_transfer_demand	metadata	float	j	heat pump water heater tank unmet heat transfer demand	""
out.params.hvac_count_boilers	metadata	float		Count of boilers	""
out.params.hvac_count_boilers_0_to_300_kbtuh	metadata	float		Count of boilers in size range	""
out.params.hvac_count_boilers_2500_plus_kbtuh	metadata	float		Count of boilers in size range	""
out.params.hvac_count_boilers_300_to_2500_kbtuh	metadata	float		Count of boilers in size range	""
out.params.hvac_count_chillers_0_to_75_tons	metadata	float		Count of chillers in size range	""
out.params.hvac_count_chillers_150_to_300_tons	metadata	float		Count of chillers in size range	""
out.params.hvac_count_chillers_300_to_600_tons	metadata	float		Count of chillers in size range	""
out.params.hvac_count_chillers_600_plus_tons	metadata	float		Count of chillers in size range	""
out.params.hvac_count_chillers_75_to_150_tons	metadata	float		Count of chillers in size range	""
out.params.hvac_count_dx_cooling_0_to_30_kbtuh	metadata	float		Count of dx cooling equipment in size range	""
out.params.hvac_count_dx_cooling_135_to_240_kbtuh	metadata	float		Count of dx cooling equipment in size range	""
out.params.hvac_count_dx_cooling_240_to_760_kbtuh	metadata	float		Count of dx cooling equipment in size range	""
out.params.hvac_count_dx_cooling_30_to_65_kbtuh	metadata	float		Count of dx cooling equipment in size range	""
out.params.hvac_count_dx_cooling_65_to_135_kbtuh	metadata	float		Count of dx cooling equipment in size range	""
out.params.hvac_count_dx_cooling_760_plus_kbtuh	metadata	float		Count of dx cooling equipment in size range	""
out.params.hvac_count_dx_heating_0_to_30_kbtuh	metadata	float		Count of dx heating equipment in size range	""
out.params.hvac_count_dx_heating_135_to_240_kbtuh	metadata	float		Count of dx heating equipment in size range	""
out.params.hvac_count_dx_heating_240_plus_kbtuh	metadata	float		Count of dx heating equipment in size range	""
out.params.hvac_count_dx_heating_30_to_65_kbtuh	metadata	float		Count of dx heating equipment in size range	""
out.params.hvac_count_dx_heating_65_to_135_kbtuh	metadata	float		Count of dx heating equipment in size range	""
out.params.hvac_count_furnace_0_to_30_kbtuh	metadata	float		Count of furnace equipment in size range	""
out.params.hvac_count_furnace_135_to_240_kbtuh	metadata	float		Count of furnace equipment in size range	""
out.params.hvac_count_furnace_240_plus_kbtuh	metadata	float		Count of furnace equipment in size range	""
out.params.hvac_count_furnace_30_to_65_kbtuh	metadata	float		Count of furnace equipment in size range	""
out.params.hvac_count_furnace_65_to_135_kbtuh	metadata	float		Count of furnace equipment in size range	""
out.params.hvac_count_heat_pumps_cooling	metadata	float		number of heat pumps for cooling	""
out.params.hvac_count_heat_pumps_heating	metadata	float		number of heat pumps for heating	""
out.params.hvac_count_heat_pumps_heating_0_to_300_kbtuh	metadata	float		individual equipment in this range	""
out.params.hvac_count_heat_pumps_heating_2500_plus_kbtuh	metadata	float		individual equipment in this range	""
out.params.hvac_count_heat_pumps_heating_300_to_2500_kbtuh	metadata	float		individual equipment in this range	""
out.params.interior_electric_equipment_eflh	metadata	float	hr	Annual interior electric equipment effective full load hours	""
out.params.interior_electric_equipment_power_density	metadata	float	w_per_ft2	Interior electric equipment power density	""
out.params.interior_lighting_eflh	metadata	float	hr	Annual interior lighting effective full load hours	""
out.params.interior_lighting_power_density	metadata	float	w_per_ft2	Interior interior lighting power density	""
out.params.internal_mass_area_ratio	metadata	float		Ratio of internal mass to floor area	""
out.params.non_hp_water_heater_0_to_40_gal_count	metadata	float		individual equipment in this range	""
out.params.non_hp_water_heater_0_to_40_gal_total_volume	metadata	float	gal	combined volume of water heaters in this volume range	""
out.params.non_hp_water_heater_40_to_65_gal_count	metadata	float		individual equipment in this range	""
out.params.non_hp_water_heater_40_to_65_gal_total_volume	metadata	float	gal	combined volume of water heaters in this volume range	""
out.params.non_hp_water_heater_65_to_90_gal_count	metadata	float		individual equipment in this range	""
out.params.non_hp_water_heater_65_to_90_gal_total_volume	metadata	float	gal	combined volume of water heaters in this volume range	""
out.params.non_hp_water_heater_90_plus_gal_count	metadata	float		individual equipment in this range	""
out.params.non_hp_water_heater_90_plus_gal_total_volume	metadata	float	gal	combined volume of water heaters in this volume range	""
out.params.non_hp_water_heater_count	metadata	float		number of water heaters, excluding heat pump water heaters	""
out.params.non_hp_water_heater_electric	metadata	float	j	electric energy use by non-heat pump water heaters	""
out.params.non_hp_water_heater_gas	metadata	float	j	gas energy use by non-heat pump water heaters	""
out.params.non_hp_water_heater_other_fuel	metadata	float	j	other fuel energy use by non-heat pump water heaters	""
out.params.non_hp_water_heater_total_volume_gal	metadata	float	gal	combined volume of water heaters	""
out.params.non_hp_water_heater_unmet_heat_transfer_demand	metadata	float	j	water heater unmet heat transfer demand	""
out.params.num_air_loops	metadata	float		number of air loops in the model	""
out.params.num_air_loops_dcv	metadata	float		number of air loops in the model with dcv	""
out.params.num_air_loops_economizer	metadata	float		number of air loops in the model with economizer	""
out.params.num_air_loops_heat_recovery	metadata	float		number of air loops in the model with heat recovery	""
out.params.num_broilers	metadata	float		Number of cooking broilers	""
out.params.num_errors	metadata	float		Count of model EnergyPlus errors	""
out.params.num_fryers	metadata	float		Number of cooking fryers	""
out.params.num_griddles	metadata	float		Number of cooking griddles	""
out.params.num_ovens	metadata	float		Number of cooking ovens	""
out.params.num_ranges	metadata	float		Number of cooking ranges	""
out.params.num_steamers	metadata	float		Number of cooking steamers	""
out.params.num_warnings	metadata	float		Count of model EnergyPlus warnings	""
out.params.number_of_spaces	metadata	integer		Number of Space objects in the building energy model	""
out.params.number_of_surfaces	metadata	integer		Number of Surface objects in the building energy model	""
out.params.number_of_zones	metadata	integer		Number of ThermalZone objects in the building energy model	""
out.params.occupant_density_ppl_per_m_2	metadata	float	people_per_m2	Occupant density, people per unit area	""
out.params.occupant_eflh	metadata	float	hr	Effective full load hours of occupants	""
out.params.oven_fuel_type	metadata	string		Fuel type of oven	Electric|Gas
out.params.range_fuel_type	metadata	string		Fuel type of ranges	Electric|Gas
out.params.smallest_space_floor_area	metadata	float	m2	Smallest Space by floor area in the building energy model	""
out.params.steamer_fuel_type	metadata	string		Fuel type of steamers	Electric|Gas
out.params.vrf_area_average_indoor_unit_cooling_capacity	metadata	float	w	average cooling capacity of VRF indoor units, weighted by area served	""
out.params.vrf_area_average_indoor_unit_heating_capacity	metadata	float	w	average heating capacity of VRF indoor units, weighted by area served	""
out.params.vrf_average_line_height	metadata	float	m	average line height of VRF systems, weighted by area served	""
out.params.vrf_average_line_length	metadata	float	m	average line length of VRF systems, weighted by area served	""
out.params.vrf_average_num_compressors	metadata	float		average number of compressors per outdoor unit, weighted by area served	""
out.params.vrf_average_outdoor_unit_cooling_capacity	metadata	float	w	average cooling capacity of VRF outdoor units, weighted by area served	""
out.params.vrf_average_outdoor_unit_heating_capacity	metadata	float	w	average heating capacity of VRF outdoor units, weighted by area served	""
out.params.vrf_cooling_average_cop	metadata	float		annual average COP of VRF cooling equipment, weighted by load	""
out.params.vrf_cooling_design_cop	metadata	float		design COP of VRF cooling equipment, weighted by load	""
out.params.vrf_cooling_design_cop_110f	metadata	float		design COP of VRF cooling equipment at 110F, weighted by load	""
out.params.vrf_cooling_design_cop_35f	metadata	float		design COP of VRF cooling equipment at 35F, weighted by load	""
out.params.vrf_cooling_design_cop_60f	metadata	float		design COP of VRF cooling equipment at 60F, weighted by load	""
out.params.vrf_cooling_design_cop_85f	metadata	float		design COP of VRF cooling equipment at 185F, weighted by load	""
out.params.vrf_heating_average_cop	metadata	float		annual average COP of VRF heating equipment, weighted by load	""
out.params.vrf_heating_average_total_cop	metadata	float		annual average COP of VRF heating equipment including defrost energy and crankcase heating, weighted by total VRF heating load	""
out.params.vrf_heating_design_cop	metadata	float		design COP of VRF heating equipment, weighted by load	""
out.params.vrf_heating_design_cop_0f	metadata	float		design COP of VRF heating equipment at 0F, weighted by load	""
out.params.vrf_heating_design_cop_20f	metadata	float		design COP of VRF heating equipment at 20F, weighted by load	""
out.params.vrf_heating_design_cop_40f	metadata	float		design COP of VRF heating equipment at 40F, weighted by load	""
out.params.vrf_heating_design_cop_minus22f	metadata	float		design COP of VRF heating equipment at -22F, weighted by load	""
out.params.vrf_heating_fraction_supplemental	metadata	float		fraction of total heating load supplied by VRF heating equipment supplemental coils	""
out.params.vrf_heating_total_supplemental_electric	metadata	float	j	total VRF heating equipment supplemental coil electric use	""
out.params.vrf_heating_total_supplemental_gas	metadata	float	j	total VRF heating equipment supplemental coil gas use	""
out.params.vrf_heating_total_supplemental_load	metadata	float	j	total heating load supplied by VRF heating equipment supplemental coils	""
out.params.vrf_heating_total_supplemental_load_electric	metadata	float	j	total heating load supplied by VRF heating equipment supplemental electric coils	""
out.params.vrf_heating_total_supplemental_load_gas	metadata	float	j	total heating load supplied by VRF heating equipment supplemental gas coils	""
out.params.vrf_indoor_unit_count	metadata	float		number of VRF indoor units	""
out.params.vrf_outdoor_unit_count	metadata	float		number of VRF outdoor units	""
out.params.vrf_temperature_type	metadata	string		outdoor temperature type used for VRF heating eir performance curves, either drybulb or wetbulb	WetBulbTemperature
out.params.vrf_total_cooling_load	metadata	float	j	total cooling load served by VRF equipment	""
out.params.vrf_total_heat_recovery	metadata	float	j	total heat recovery of VRF equipment	""
out.params.vrf_total_heating_load	metadata	float	j	total heating load served by VRF equipment	""
out.params.vrf_total_indoor_unit_cooling_capacity	metadata	float	w	combined cooling capacity of VRF indoor units	""
out.params.vrf_total_indoor_unit_heating_capacity	metadata	float	w	combined heating capacity of VRF indoor units	""
out.params.vrf_total_outdoor_unit_cooling_capacity	metadata	float	w	combined cooling capacity of VRF outdoor units	""
out.params.vrf_total_outdoor_unit_heating_capacity	metadata	float	w	combined heating capacity of VRF outdoor units	""
out.params.wa_hp_cooling_average_cop	metadata	float	cop	water to air heat pump annual average cooling COP, weighted by load	""
out.params.wa_hp_cooling_capacity	metadata	float	w	sum of water to air heat pump cooling capacity	""
out.params.wa_hp_cooling_design_cop	metadata	float	cop	water to air heat pump average design cooling COP, weighted by load	""
out.params.wa_hp_cooling_electric	metadata	float	j	total water to air heat pump cooling electric use	""
out.params.wa_hp_cooling_load	metadata	float	j	total water to air heat pump cooling load served	""
out.params.wa_hp_heating_average_cop	metadata	float	cop	water to air heat pump annual average heating COP, weighted by load	""
out.params.wa_hp_heating_capacity	metadata	float	w	sum of water to air heat pump heating capacity	""
out.params.wa_hp_heating_design_cop	metadata	float	cop	water to air heat pump average design heating COP, weighted by load	""
out.params.wa_hp_heating_electric	metadata	float	j	total water to air heat pump heating electric use	""
out.params.wa_hp_heating_load	metadata	float	j	total water to air heat pump heating load served	""
out.params.window_to_wall_ratio	metadata	float		Ratio of window area to exterior facade area	""
out.params.zone_hvac_fan_power_minimum_flow_fraction	metadata	float		Fan power minimum flow fraction for zone hvac equipment	""
out.params.zone_hvac_fan_static_pressure	metadata	float	inwc	Fan static pressure in pascals for zone hvac equipment	""
out.params.zone_hvac_fan_total_efficiency	metadata	float		Fan total efficiency for zone hvac equipment	""
calc.emissions.total_with_cambium_mid_case_15y	metadata	float	co2e_kg	Annual greenhouse gas emissions from all energy consumption using Cambium 2022 lrmer_mid_case_30 levelized over 15 years starting in 2025 for electricity emissions	""
calc.emissions.total_with_egrid	metadata	float	co2e_kg	Annual greenhouse gas emissions from all energy consumption using egrid 2021 for electricity emissions	""
calc.enduse_group.district_cooling.hvac.energy_consumption	metadata	float	kwh	District cooling energy consumption for all HVAC end uses including cooling, fans, heat_recovery, heat_rejection, heating, humidification, and pumps	""
calc.enduse_group.district_heating.hvac.energy_consumption	metadata	float	kwh	District heating energy consumption for all HVAC end uses including cooling, fans, heat_recovery, heat_rejection, heating, humidification, and pumps	""
calc.enduse_group.district_heating.water_systems.energy_consumption	metadata	float	kwh	District heating energy consumption for the water_systems end use	""
calc.enduse_group.electricity.hvac.energy_consumption	metadata	float	kwh	Electricity energy consumption for all HVAC end uses including cooling, fans, heat_recovery, heat_rejection, heating, humidification, and pumps	""
calc.enduse_group.electricity.interior_equipment.energy_consumption	metadata	float	kwh	Electricity energy consumption for the interior_equipment end use	""
calc.enduse_group.electricity.lighting.energy_consumption	metadata	float	kwh	Electricity energy consumption for the interior_lighting and exterior_lighting end uses	""
calc.enduse_group.electricity.refrigeration.energy_consumption	metadata	float	kwh	Electricity energy consumption for the refrigeration end use	""
calc.enduse_group.electricity.water_systems.energy_consumption	metadata	float	kwh	Electricity energy consumption for the water_systems end use	""
calc.enduse_group.natural_gas.hvac.energy_consumption	metadata	float	kwh	Natural gas energy consumption for all HVAC end uses including cooling, fans, heat_recovery, heat_rejection, heating, humidification, and pumps	""
calc.enduse_group.natural_gas.interior_equipment.energy_consumption	metadata	float	kwh	Natural gas energy consumption for the interior_equipment end use	""
calc.enduse_group.natural_gas.water_systems.energy_consumption	metadata	float	kwh	Natural gas energy consumption for the water_systems end use	""
calc.enduse_group.other_fuel.hvac.energy_consumption	metadata	float	kwh	Fuel oil and propane energy consumption for all HVAC end uses including cooling, fans, heat_recovery, heat_rejection, heating, humidification, and pumps	""
calc.enduse_group.other_fuel.interior_equipment.energy_consumption	metadata	float	kwh	Fuel oil and propane energy consumption for the interior_equipment end use	""
calc.enduse_group.other_fuel.water_systems.energy_consumption	metadata	float	kwh	Fuel oil and propane energy consumption for the water_systems end use	""
calc.enduse_group.site_energy.cooling.energy_consumption	metadata	float	kwh	Total energy consumption for the cooling end use	""
calc.enduse_group.site_energy.heating.energy_consumption	metadata	float	kwh	Total energy consumption for the heating end use	""
calc.enduse_group.site_energy.hvac.energy_consumption	metadata	float	kwh	Total energy consumption for all HVAC end uses including cooling, fans, heat_recovery, heat_rejection, heating, humidification, and pumps	""
calc.enduse_group.site_energy.interior_equipment.energy_consumption	metadata	float	kwh	Total energy consumption for the interior_equipment end use	""
calc.enduse_group.site_energy.lighting.energy_consumption	metadata	float	kwh	Total energy consumption for the interior_lighting and exterior_lighting end uses	""
calc.enduse_group.site_energy.refrigeration.energy_consumption	metadata	float	kwh	Total energy consumption for the refrigeration end use	""
calc.enduse_group.site_energy.water_systems.energy_consumption	metadata	float	kwh	Total energy consumption for the water_systems end use	""
calc.percent_savings.district_cooling.cooling.energy_consumption	metadata	float	percent	Fractional savings in district cooling energy for the cooling end use	""
calc.percent_savings.district_cooling.cooling.energy_consumption_intensity	metadata	float	percent	Fractional savings in district cooling energy for the cooling end use on a per area basis	""
calc.percent_savings.district_cooling.total.energy_consumption	metadata	float	percent	Fractional savings in district cooling energy for the total end use	""
calc.percent_savings.district_cooling.total.energy_consumption_intensity	metadata	float	percent	Fractional savings in district cooling energy for the total end use on a per area basis	""
calc.percent_savings.district_heating.cooling.energy_consumption	metadata	float	percent	Fractional savings in district heating energy for the cooling end use	""
calc.percent_savings.district_heating.cooling.energy_consumption_intensity	metadata	float	percent	Fractional savings in district heating energy for the cooling end use on a per area basis	""
calc.percent_savings.district_heating.heating.energy_consumption	metadata	float	percent	Fractional savings in district heating energy for the heating end use	""
calc.percent_savings.district_heating.heating.energy_consumption_intensity	metadata	float	percent	Fractional savings in district heating energy for the heating end use on a per area basis	""
calc.percent_savings.district_heating.total.energy_consumption	metadata	float	percent	Fractional savings in district heating energy for the total end use	""
calc.percent_savings.district_heating.total.energy_consumption_intensity	metadata	float	percent	Fractional savings in district heating energy for the total end use on a per area basis	""
calc.percent_savings.district_heating.water_systems.energy_consumption	metadata	float	percent	Fractional savings in district heating energy for the water systems end use	""
calc.percent_savings.district_heating.water_systems.energy_consumption_intensity	metadata	float	percent	Fractional savings in district heating energy for the water systems end use on a per area basis	""
calc.percent_savings.electricity.cooling.energy_consumption	metadata	float	percent	Fractional savings in electricity energy for the cooling end use	""
calc.percent_savings.electricity.cooling.energy_consumption_intensity	metadata	float	percent	Fractional savings in electricity energy for the cooling end use on a per area basis	""
calc.percent_savings.electricity.exterior_lighting.energy_consumption	metadata	float	percent	Fractional savings in electricity energy for the exterior lighting end use	""
calc.percent_savings.electricity.exterior_lighting.energy_consumption_intensity	metadata	float	percent	Fractional savings in electricity energy for the exterior lighting end use on a per area basis	""
calc.percent_savings.electricity.fans.energy_consumption	metadata	float	percent	Fractional savings in electricity energy for the fans end use	""
calc.percent_savings.electricity.fans.energy_consumption_intensity	metadata	float	percent	Fractional savings in electricity energy for the fans end use on a per area basis	""
calc.percent_savings.electricity.heat_recovery.energy_consumption	metadata	float	percent	Fractional savings in electricity energy for the heat recovery end use	""
calc.percent_savings.electricity.heat_recovery.energy_consumption_intensity	metadata	float	percent	Fractional savings in electricity energy for the heat recovery end use on a per area basis	""
calc.percent_savings.electricity.heat_rejection.energy_consumption	metadata	float	percent	Fractional savings in electricity energy for the heat rejection end use	""
calc.percent_savings.electricity.heat_rejection.energy_consumption_intensity	metadata	float	percent	Fractional savings in electricity energy for the heat rejection end use on a per area basis	""
calc.percent_savings.electricity.heating.energy_consumption	metadata	float	percent	Fractional savings in electricity energy for the heating end use	""
calc.percent_savings.electricity.heating.energy_consumption_intensity	metadata	float	percent	Fractional savings in electricity energy for the heating end use on a per area basis	""
calc.percent_savings.electricity.interior_equipment.energy_consumption	metadata	float	percent	Fractional savings in electricity energy for the interior equipment end use	""
calc.percent_savings.electricity.interior_equipment.energy_consumption_intensity	metadata	float	percent	Fractional savings in electricity energy for the interior equipment end use on a per area basis	""
calc.percent_savings.electricity.interior_lighting.energy_consumption	metadata	float	percent	Fractional savings in electricity energy for the interior lighting end use	""
calc.percent_savings.electricity.interior_lighting.energy_consumption_intensity	metadata	float	percent	Fractional savings in electricity energy for the interior lighting end use on a per area basis	""
calc.percent_savings.electricity.pumps.energy_consumption	metadata	float	percent	Fractional savings in electricity energy for the pumps end use	""
calc.percent_savings.electricity.pumps.energy_consumption_intensity	metadata	float	percent	Fractional savings in electricity energy for the pumps end use on a per area basis	""
calc.percent_savings.electricity.refrigeration.energy_consumption	metadata	float	percent	Fractional savings in electricity energy for the refrigeration end use	""
calc.percent_savings.electricity.refrigeration.energy_consumption_intensity	metadata	float	percent	Fractional savings in electricity energy for the refrigeration end use on a per area basis	""
calc.percent_savings.electricity.total.energy_consumption	metadata	float	percent	Fractional savings in electricity energy for the total end use	""
calc.percent_savings.electricity.total.energy_consumption_intensity	metadata	float	percent	Fractional savings in electricity energy for the total end use on a per area basis	""
calc.percent_savings.electricity.water_systems.energy_consumption	metadata	float	percent	Fractional savings in electricity energy for the water systems end use	""
calc.percent_savings.electricity.water_systems.energy_consumption_intensity	metadata	float	percent	Fractional savings in electricity energy for the water systems end use on a per area basis	""
calc.percent_savings.natural_gas.cooling.energy_consumption	metadata	float	percent	Fractional savings in natural gas energy for the cooling end use	""
calc.percent_savings.natural_gas.cooling.energy_consumption_intensity	metadata	float	percent	Fractional savings in natural gas energy for the cooling end use on a per area basis	""
calc.percent_savings.natural_gas.heating.energy_consumption	metadata	float	percent	Fractional savings in natural gas energy for the heating end use	""
calc.percent_savings.natural_gas.heating.energy_consumption_intensity	metadata	float	percent	Fractional savings in natural gas energy for the heating end use on a per area basis	""
calc.percent_savings.natural_gas.interior_equipment.energy_consumption	metadata	float	percent	Fractional savings in natural gas energy for the interior equipment end use	""
calc.percent_savings.natural_gas.interior_equipment.energy_consumption_intensity	metadata	float	percent	Fractional savings in natural gas energy for the interior equipment end use on a per area basis	""
calc.percent_savings.natural_gas.total.energy_consumption	metadata	float	percent	Fractional savings in natural gas energy for the total end use	""
calc.percent_savings.natural_gas.total.energy_consumption_intensity	metadata	float	percent	Fractional savings in natural gas energy for the total end use on a per area basis	""
calc.percent_savings.natural_gas.water_systems.energy_consumption	metadata	float	percent	Fractional savings in natural gas energy for the water systems end use	""
calc.percent_savings.natural_gas.water_systems.energy_consumption_intensity	metadata	float	percent	Fractional savings in natural gas energy for the water systems end use on a per area basis	""
calc.percent_savings.other_fuel.cooling.energy_consumption	metadata	float	percent	Fractional savings in fuel oil and propane energy for the cooling end use	""
calc.percent_savings.other_fuel.cooling.energy_consumption_intensity	metadata	float	percent	Fractional savings in fuel oil and propane energy for the cooling end use on a per area basis	""
calc.percent_savings.other_fuel.heating.energy_consumption	metadata	float	percent	Fractional savings in fuel oil and propane energy for the heating end use	""
calc.percent_savings.other_fuel.heating.energy_consumption_intensity	metadata	float	percent	Fractional savings in fuel oil and propane energy for the heating end use on a per area basis	""
calc.percent_savings.other_fuel.interior_equipment.energy_consumption	metadata	float	percent	Fractional savings in fuel oil and propane energy for the interior equipment end use	""
calc.percent_savings.other_fuel.interior_equipment.energy_consumption_intensity	metadata	float	percent	Fractional savings in fuel oil and propane energy for the interior equipment end use on a per area basis	""
calc.percent_savings.other_fuel.total.energy_consumption	metadata	float	percent	Fractional savings in fuel oil and propane energy for the total end use	""
calc.percent_savings.other_fuel.total.energy_consumption_intensity	metadata	float	percent	Fractional savings in fuel oil and propane energy for the total end use on a per area basis	""
calc.percent_savings.other_fuel.water_systems.energy_consumption	metadata	float	percent	Fractional savings in fuel oil and propane energy for the water systems end use	""
calc.percent_savings.other_fuel.water_systems.energy_consumption_intensity	metadata	float	percent	Fractional savings in fuel oil and propane energy for the water systems end use on a per area basis	""
calc.percent_savings.site_energy.total.energy_consumption	metadata	float	percent	Fractional savings in total energy	""
calc.percent_savings.site_energy.total.energy_consumption_intensity	metadata	float	percent	Fractional savings in total energy on a per area basis	""
calc.segment	metadata	string		A building categorization based on common characteristics instead of traditional building type	B: Food-Service Buildings with Small Packaged Units|A: Non Food-Service Buildings with Small Packaged Units|F: Buildings with Electric Resistance Multizone Systems|D: Buildings with Hydronically Heated Multizone Systems|G: Buildings with Furnace-Based Multizone Systems|I: Non-Lodging Buildings with Zone-by-Zone Systems|H: Buildings with Residential Style Central Systems|C: Strip Malls with some Food-Service with Small Packaged Units|E: Lodging with Zone-by-Zone Systems|J: Other
calc.weighted.district_cooling.cooling.energy_consumption	metadata	float	tbtu	Stock total weighted consumption of district cooling energy for the cooling end use	""
calc.weighted.district_cooling.total.energy_consumption	metadata	float	tbtu	Stock total consumption of district cooling energy for all end uses	""
calc.weighted.district_heating.cooling.energy_consumption	metadata	float	tbtu	Stock total consumption of district heating energy for the cooling end use	""
calc.weighted.district_heating.heating.energy_consumption	metadata	float	tbtu	Stock total consumption of district heating energy for the heating end use	""
calc.weighted.district_heating.total.energy_consumption	metadata	float	tbtu	Stock total consumption of district heating energy for all end uses	""
calc.weighted.district_heating.water_systems.energy_consumption	metadata	float	tbtu	Stock total consumption of district heating energy for the water systems end use	""
calc.weighted.electricity.cooling.energy_consumption	metadata	float	tbtu	Stock total consumption of electricity energy for the cooling end use	""
calc.weighted.electricity.exterior_lighting.energy_consumption	metadata	float	tbtu	Stock total consumption of electricity energy for the exterior lighting end use	""
calc.weighted.electricity.fans.energy_consumption	metadata	float	tbtu	Stock total consumption of electricity energy for the fans end use	""
calc.weighted.electricity.heat_recovery.energy_consumption	metadata	float	tbtu	Stock total consumption of electricity energy for the heat recovery end use	""
calc.weighted.electricity.heat_rejection.energy_consumption	metadata	float	tbtu	Stock total consumption of electricity energy for the heat rejection end use	""
calc.weighted.electricity.heating.energy_consumption	metadata	float	tbtu	Stock total consumption of electricity energy for the heating end use	""
calc.weighted.electricity.interior_equipment.energy_consumption	metadata	float	tbtu	Stock total consumption of electricity energy for the interior equipment end use	""
calc.weighted.electricity.interior_lighting.energy_consumption	metadata	float	tbtu	Stock total consumption of electricity energy for the interior lighting end use	""
calc.weighted.electricity.pumps.energy_consumption	metadata	float	tbtu	Stock total consumption of electricity energy for the pumps end use	""
calc.weighted.electricity.refrigeration.energy_consumption	metadata	float	tbtu	Stock total consumption of electricity energy for the refrigeration end use	""
calc.weighted.electricity.total.energy_consumption	metadata	float	tbtu	Stock total consumption of electricity energy for all end uses	""
calc.weighted.electricity.water_systems.energy_consumption	metadata	float	tbtu	Stock total consumption of electricity energy for the water systems end use	""
calc.weighted.emissions.electricity.egrid_2021_subregion	metadata	float	co2e_mmt	Stock total annual greenhouse gas emissions from electricityusing egrid 2020 subregion emissions intensity	""
calc.weighted.emissions.electricity.lrmer_high_re_cost_15_2023_start	metadata	float	co2e_mmt	Stock total annual greenhouse gas emissions from electricity using Cambium 2022 lrmer_high_re_cost_15 levelized over 15 years starting in 2023	""
calc.weighted.emissions.electricity.lrmer_low_re_cost_15_2023_start	metadata	float	co2e_mmt	Stock total annual greenhouse gas emissions from electricity using Cambium 2022 lrmer_low_re_cost_15 levelized over 25 years starting in 2025	""
calc.weighted.emissions.fuel_oil	metadata	float	co2e_mmt	Stock total annual greenhouse gas emissions from fuel oil use	""
calc.weighted.emissions.natural_gas	metadata	float	co2e_mmt	Stock total annual greenhouse gas emissions from natural gas use	""
calc.weighted.emissions.propane	metadata	float	co2e_mmt	Stock total annual greenhouse gas emissions from propane use	""
calc.weighted.emissions.total_with_cambium_mid_case_15y	metadata	float	co2e_mmt	Stock total annual greenhouse gas emissions from all energy consumption using Cambium 2022 lrmer_mid_case_30 levelized over 15 years starting in 2025 for electricity emissions	""
calc.weighted.emissions.total_with_egrid	metadata	float	co2e_mmt	Stock total annual greenhouse gas emissions from all energy consumption using egrid 2021 for electricity emissions	""
calc.weighted.enduse_group.district_cooling.hvac.energy_consumption	metadata	float	tbtu	Stock total district cooling energy consumption for all HVAC end uses including cooling, fans, heat_recovery, heat_rejection, heating, humidification, and pumps	""
calc.weighted.enduse_group.district_heating.hvac.energy_consumption	metadata	float	tbtu	Stock total district heating energy consumption for all HVAC end uses including cooling, fans, heat_recovery, heat_rejection, heating, humidification, and pumps	""
calc.weighted.enduse_group.district_heating.interior_equipment.energy_consumption	metadata	float	tbtu	Stock total district heating energy consumption for the interior_equipment end use	""
calc.weighted.enduse_group.district_heating.water_systems.energy_consumption	metadata	float	tbtu	Stock total district heating energy consumption for the water_systems end use	""
calc.weighted.enduse_group.electricity.hvac.emissions.egrid_2021_subregion	metadata	float	co2e_mmt	Stock total annual greenhouse gas emissions from HVAC enduse group electricity consumption using egrid 2021 for electricity emissions	""
calc.weighted.enduse_group.electricity.hvac.energy_consumption	metadata	float	tbtu	Stock total electricity energy consumption for all HVAC end uses including cooling, fans, heat_recovery, heat_rejection, heating, humidification, and pumps	""
calc.weighted.enduse_group.electricity.interior_equipment.emissions.egrid_2021_subregion	metadata	float	co2e_mmt	Stock total annual greenhouse gas emissions from interior_equipment enduse group electricity consumption using egrid 2021 for electricity emissions	""
calc.weighted.enduse_group.electricity.interior_equipment.energy_consumption	metadata	float	tbtu	Stock total electricity energy consumption for the interior_equipment end use	""
calc.weighted.enduse_group.electricity.lighting.emissions.egrid_2021_subregion	metadata	float	co2e_mmt	Stock total annual greenhouse gas emissions from lighting enduse group electricity consumption using egrid 2021 for electricity emissions	""
calc.weighted.enduse_group.electricity.lighting.energy_consumption	metadata	float	tbtu	Stock total electricity energy consumption for the interior_lighting and exterior_lighting end uses	""
calc.weighted.enduse_group.electricity.refrigeration.emissions.egrid_2021_subregion	metadata	float	co2e_mmt	Stock total annual greenhouse gas emissions refrigeration enduse group electricity consumption using egrid 2021 for electricity emissions	""
calc.weighted.enduse_group.electricity.refrigeration.energy_consumption	metadata	float	tbtu	Stock total electricity energy consumption for the refrigeration end use	""
calc.weighted.enduse_group.electricity.water_systems.emissions.egrid_2021_subregion	metadata	float	co2e_mmt	Stock total annual greenhouse gas emissions from water_systems enduse group electricity consumption using egrid 2021 for electricity emissions	""
calc.weighted.enduse_group.electricity.water_systems.energy_consumption	metadata	float	tbtu	Stock total electricity energy consumption for the water_systems end use	""
calc.weighted.enduse_group.natural_gas.hvac.emissions	metadata	float	co2e_mmt	Stock total annual greenhouse gas emissions from HVAC enduse group natural gas consumption	""
calc.weighted.enduse_group.natural_gas.hvac.energy_consumption	metadata	float	tbtu	Stock total natural gas energy consumption for all HVAC end uses including cooling, fans, heat_recovery, heat_rejection, heating, humidification, and pumps	""
calc.weighted.enduse_group.natural_gas.interior_equipment.emissions	metadata	float	co2e_mmt	Stock total annual greenhouse gas emissions from interior_equipment enduse group natural gas consumption	""
calc.weighted.enduse_group.natural_gas.interior_equipment.energy_consumption	metadata	float	tbtu	Stock total natural gas energy consumption for the interior_equipment end use	""
calc.weighted.enduse_group.natural_gas.water_systems.emissions	metadata	float	co2e_mmt	Stock total annual greenhouse gas emissions from water_systems enduse group natural gas consumption	""
calc.weighted.enduse_group.natural_gas.water_systems.energy_consumption	metadata	float	tbtu	Stock total natural gas energy consumption for the water_systems end use	""
calc.weighted.enduse_group.other_fuel.hvac.emissions	metadata	float	co2e_mmt	Stock total annual greenhouse gas emissions from HVAC enduse group propane and fuel oil consumption	""
calc.weighted.enduse_group.other_fuel.hvac.energy_consumption	metadata	float	tbtu	Stock total fuel oil and propane energy consumption for all HVAC end uses including cooling, fans, heat_recovery, heat_rejection, heating, humidification, and pumps	""
calc.weighted.enduse_group.other_fuel.interior_equipment.emissions	metadata	float	co2e_mmt	Stock total annual greenhouse gas emissions from interior_equipment enduse group propane and fuel oil consumption	""
calc.weighted.enduse_group.other_fuel.interior_equipment.energy_consumption	metadata	float	tbtu	Stock total fuel oil and propane energy consumption for the interior_equipment end use	""
calc.weighted.enduse_group.other_fuel.water_systems.emissions	metadata	float	co2e_mmt	Stock total annual greenhouse gas emissions from water_systems enduse group propane and fuel oil consumption	""
calc.weighted.enduse_group.other_fuel.water_systems.energy_consumption	metadata	float	tbtu	Stock total fuel oil and propane energy consumption for the water_systems end use	""
calc.weighted.enduse_group.site_energy.hvac.emissions	metadata	float	co2e_mmt	Stock total annual greenhouse gas emissions from HVAC enduse group energy consumption using egrid 2021 for electricity emissions	""
calc.weighted.enduse_group.site_energy.hvac.energy_consumption	metadata	float	tbtu	Stock total energy consumption for all HVAC end uses including cooling, fans, heat_recovery, heat_rejection, heating, humidification, and pumps	""
calc.weighted.enduse_group.site_energy.interior_equipment.emissions	metadata	float	co2e_mmt	Stock total annual greenhouse gas emissions from interior_equipment enduse group energy consumption using egrid 2021 for electricity emissions	""
calc.weighted.enduse_group.site_energy.interior_equipment.energy_consumption	metadata	float	tbtu	Stock total energy consumption for the interior_equipment end use	""
calc.weighted.enduse_group.site_energy.lighting.emissions	metadata	float	co2e_mmt	Stock total annual greenhouse gas emissions from lighting enduse group energy consumption using egrid 2021 for electricity emissions	""
calc.weighted.enduse_group.site_energy.lighting.energy_consumption	metadata	float	tbtu	Stock total energy consumption for the interior_lighting and exterior_lighting end uses	""
calc.weighted.enduse_group.site_energy.refrigeration.emissions	metadata	float	co2e_mmt	Stock total annual greenhouse gas emissions refrigeration enduse group energy consumption using egrid 2021 for electricity emissions	""
calc.weighted.enduse_group.site_energy.refrigeration.energy_consumption	metadata	float	tbtu	Stock total energy consumption for the refrigeration end use	""
calc.weighted.enduse_group.site_energy.water_systems.emissions	metadata	float	co2e_mmt	Stock total annual greenhouse gas emissions from water_systems enduse group energy consumption using egrid 2021 for electricity emissions	""
calc.weighted.enduse_group.site_energy.water_systems.energy_consumption	metadata	float	tbtu	Stck total energy consumption for the water_systems end use	""
calc.weighted.natural_gas.cooling.energy_consumption	metadata	float	tbtu	Stock total consumption of natural gas energy for the cooling end use	""
calc.weighted.natural_gas.heating.energy_consumption	metadata	float	tbtu	Stock total consumption of natural gas energy for the heating end use	""
calc.weighted.natural_gas.interior_equipment.energy_consumption	metadata	float	tbtu	Stock total consumption of natural gas energy for the interior equipment end use	""
calc.weighted.natural_gas.total.energy_consumption	metadata	float	tbtu	Stock total consumption of natural gas energy for all end uses	""
calc.weighted.natural_gas.water_systems.energy_consumption	metadata	float	tbtu	Stock total consumption of natural gas energy for the water systems end use	""
calc.weighted.other_fuel.cooling.energy_consumption	metadata	float	tbtu	Stock total consumption of fuel oil and propane energy for the cooling end use	""
calc.weighted.other_fuel.heating.energy_consumption	metadata	float	tbtu	Stock total consumption of fuel oil and propane energy for the heating end use	""
calc.weighted.other_fuel.interior_equipment.energy_consumption	metadata	float	tbtu	Stock total consumption of fuel oil and propane energy for the interior equipment end use	""
calc.weighted.other_fuel.total.energy_consumption	metadata	float	tbtu	Stock total consumption of fuel oil and propane energy for all end uses	""
calc.weighted.other_fuel.water_systems.energy_consumption	metadata	float	tbtu	Stock total consumption of fuel oil and propane energy for the water systems end use	""
calc.weighted.savings.district_cooling.cooling.energy_consumption	metadata	float	tbtu	Stock total savings of district cooling energy for the cooling end use	""
calc.weighted.savings.district_cooling.total.energy_consumption	metadata	float	tbtu	Stock total savings of district cooling energy for the total end use	""
calc.weighted.savings.district_heating.cooling.energy_consumption	metadata	float	tbtu	Stock total savings of district heating energy for the cooling end use	""
calc.weighted.savings.district_heating.heating.energy_consumption	metadata	float	tbtu	Stock total savings of district heating energy for the heating end use	""
calc.weighted.savings.district_heating.total.energy_consumption	metadata	float	tbtu	Stock total savings of district heating energy for the total end use	""
calc.weighted.savings.district_heating.water_systems.energy_consumption	metadata	float	tbtu	Stock total savings of district heating energy for the water systems end use	""
calc.weighted.savings.electricity.cooling.energy_consumption	metadata	float	tbtu	Stock total savings of electricity energy for the cooling end use	""
calc.weighted.savings.electricity.exterior_lighting.energy_consumption	metadata	float	tbtu	Stock total savings of electricity energy for the exterior lighting end use	""
calc.weighted.savings.electricity.fans.energy_consumption	metadata	float	tbtu	Stock total savings of electricity energy for the fans end use	""
calc.weighted.savings.electricity.heat_recovery.energy_consumption	metadata	float	tbtu	Stock total savings of electricity energy for the heat recovery end use	""
calc.weighted.savings.electricity.heat_rejection.energy_consumption	metadata	float	tbtu	Stock total savings of electricity energy for the heat rejection end use	""
calc.weighted.savings.electricity.heating.energy_consumption	metadata	float	tbtu	Stock total savings of electricity energy for the heating end use	""
calc.weighted.savings.electricity.interior_equipment.energy_consumption	metadata	float	tbtu	Stock total savings of electricity energy for the interior equipment end use	""
calc.weighted.savings.electricity.interior_lighting.energy_consumption	metadata	float	tbtu	Stock total savings of electricity energy for the interior lighting end use	""
calc.weighted.savings.electricity.pumps.energy_consumption	metadata	float	tbtu	Stock total savings of electricity energy for the pumps end use	""
calc.weighted.savings.electricity.refrigeration.energy_consumption	metadata	float	tbtu	Stock total savings of electricity energy for the refrigeration end use	""
calc.weighted.savings.electricity.total.energy_consumption	metadata	float	tbtu	Stock total savings of electricity energy for the total end use	""
calc.weighted.savings.electricity.water_systems.energy_consumption	metadata	float	tbtu	Stock total savings of electricity energy for the water systems end use	""
calc.weighted.savings.natural_gas.cooling.energy_consumption	metadata	float	tbtu	Stock total savings of natural gas energy for the cooling end use	""
calc.weighted.savings.natural_gas.heating.energy_consumption	metadata	float	tbtu	Stock total savings of natural gas energy for the heating end use	""
calc.weighted.savings.natural_gas.interior_equipment.energy_consumption	metadata	float	tbtu	Stock total savings of natural gas energy for the interior equipment end use	""
calc.weighted.savings.natural_gas.total.energy_consumption	metadata	float	tbtu	Stock total savings of natural gas energy for the total end use	""
calc.weighted.savings.natural_gas.water_systems.energy_consumption	metadata	float	tbtu	Stock total savings of natural gas energy for the water systems end use	""
calc.weighted.savings.other_fuel.cooling.energy_consumption	metadata	float	tbtu	Stock total savings of fuel oil and propane energy for the cooling end use	""
calc.weighted.savings.other_fuel.heating.energy_consumption	metadata	float	tbtu	Stock total savings of fuel oil and propane energy for the heating end use	""
calc.weighted.savings.other_fuel.interior_equipment.energy_consumption	metadata	float	tbtu	Stock total savings of fuel oil and propane energy for the interior equipment end use	""
calc.weighted.savings.other_fuel.total.energy_consumption	metadata	float	tbtu	Stock total savings of fuel oil and propane energy for the total end use	""
calc.weighted.savings.other_fuel.water_systems.energy_consumption	metadata	float	tbtu	Stock total savings of fuel oil and propane energy for the water systems end use	""
calc.weighted.savings.site_energy.total.energy_consumption	metadata	float	tbtu	Stock total savings of site energy for all end uses	""
calc.weighted.site_energy.total.energy_consumption	metadata	float	tbtu	Stock total consumption of energy for all end uses	""
